Wed Jul  1 03:00:20 UTC 2026 -> Add data lock for musl arm build status data to be written
Wed Jul  1 03:00:35 UTC 2026 -> Add data lock for musl x86-64 build status data to be written
Wed Jul  1 03:00:39 UTC 2026 -> Add data lock for musl riscv64 build status data to be written
Wed Jul  1 03:00:52 UTC 2026 -> Add data lock for musl riscv32 build status data to be written
Wed Jul  1 03:02:15 UTC 2026 -> Add data lock for musl aarch64 build status data to be written
Wed Jul  1 03:02:18 UTC 2026 -> Add data lock for musl x86-64 build status data to be written
Wed Jul  1 03:02:43 UTC 2026 -> Add data lock for musl arm build status data to be written
Wed Jul  1 03:02:48 UTC 2026 -> Add data lock for musl riscv64 build status data to be written
Wed Jul  1 03:03:13 UTC 2026 -> Add data lock for musl riscv32 build status data to be written
Wed Jul  1 03:06:55 CUT 2026 -> Add data lock for windows_nightly x64 build status data to be written
Wed Jul  1 03:09:36 CUT 2026 -> Add data lock for windows_nightly ARM64 build status data to be written
Wed Jul  1 05:36:38 UTC 2026 -> Add data lock for picolibc arm build status data to be written
Wed Jul  1 05:36:45 UTC 2026 -> Add data lock for picolibc hexagon build status data to be written
Wed Jul  1 05:36:53 UTC 2026 -> Add data lock for picolibc riscv32 build status data to be written
Wed Jul  1 05:37:05 UTC 2026 -> Add data lock for picolibc riscv64 build status data to be written
Wed Jul  1 07:30:55 UTC 2026 -> Add data lock for picolibc riscv32 build status data to be written
Wed Jul  1 07:44:40 UTC 2026 -> Add data lock for picolibc hexagon build status data to be written
Wed Jul  1 07:55:08 UTC 2026 -> Add data lock for picolibc aarch64 build status data to be written
Wed Jul  1 07:55:12 UTC 2026 -> Add data lock for picolibc riscv64 build status data to be written
Wed Jul  1 07:57:50 UTC 2026 -> Add data lock for picolibc arm build status data to be written
Wed Jul  1 08:30:14 UTC 2026 -> Add data lock for sanitizer all build status data to be written
Wed Jul  1 09:12:26 UTC 2026 -> Add data lock for reverse_iterator all build status data to be written
Wed Jul  1 10:22:15 AM UTC 2026 -> Add data lock for zephyr aarch64 build status data to be written
Wed Jul  1 10:22:19 AM UTC 2026 -> Add data lock for zephyr riscv64 build status data to be written
Wed Jul  1 10:22:30 AM UTC 2026 -> Add data lock for zephyr riscv32 build status data to be written
Wed Jul  1 10:22:43 AM UTC 2026 -> Add data lock for zephyr arm build status data to be written
Wed Jul  1 10:22:53 AM UTC 2026 -> Add data lock for zephyr riscv32 build status data to be written
Wed Jul  1 10:26:30 UTC 2026 -> Add data lock for sanitizer all build status data to be written
Wed Jul  1 10:29:12 AM UTC 2026 -> Add data lock for zephyr riscv32 build status data to be written
Wed Jul  1 12:46:21 UTC 2026 -> Add data lock for reverse_iterator all build status data to be written
Thu Jul  2 02:59:50 UTC 2026 -> Add data lock for musl aarch64 build status data to be written
Thu Jul  2 03:00:05 UTC 2026 -> Add data lock for musl x86-64 build status data to be written
Thu Jul  2 03:00:12 UTC 2026 -> Add musl riscv64 build status data in DB
Thu Jul  2 03:00:18 UTC 2026 -> Add musl riscv32 build status data in DB
Thu Jul  2 03:00:35 UTC 2026 -> Add data lock for musl arm build status data to be written
Thu Jul  2 03:01:31 UTC 2026 -> Add data lock for musl x86-64 build status data to be written
Thu Jul  2 03:02:07 UTC 2026 -> Add data lock for musl riscv64 build status data to be written
Thu Jul  2 03:02:21 UTC 2026 -> Add data lock for musl riscv32 build status data to be written
Thu Jul  2 03:03:09 UTC 2026 -> Add data lock for musl arm build status data to be written
Thu Jul  2 03:05:08 CUT 2026 -> Add data lock for windows_nightly x64 build status data to be written
Thu Jul  2 03:08:25 CUT 2026 -> Add data lock for windows_nightly ARM64 build status data to be written
Thu Jul  2 05:21:49 UTC 2026 -> Add data lock for picolibc hexagon build status data to be written
Thu Jul  2 05:22:12 UTC 2026 -> Add data lock for picolibc riscv32 build status data to be written
Thu Jul  2 05:22:27 UTC 2026 -> Add data lock for picolibc riscv64 build status data to be written
Thu Jul  2 05:22:40 UTC 2026 -> Add data lock for picolibc arm build status data to be written
Thu Jul  2 05:22:56 UTC 2026 -> Add picolibc aarch64 build status data in DB
Thu Jul  2 06:55:14 CUT 2026 -> Add data lock for windows_nightly x64 build status data to be written
Thu Jul  2 06:56:22 CUT 2026 -> Add data lock for windows_nightly ARM64 build status data to be written
Thu Jul  2 07:18:56 UTC 2026 -> Add data lock for picolibc hexagon build status data to be written
Thu Jul  2 07:42:40 UTC 2026 -> Add data lock for picolibc riscv64 build status data to be written
Thu Jul  2 07:44:38 UTC 2026 -> Add data lock for picolibc riscv32 build status data to be written
Thu Jul  2 07:46:05 UTC 2026 -> Add data lock for picolibc arm build status data to be written
Thu Jul  2 07:49:00 UTC 2026 -> Add data lock for picolibc aarch64 build status data to be written
Thu Jul  2 08:04:31 UTC 2026 -> Add data lock for nightly all build status data to be written
Thu Jul  2 08:07:10 UTC 2026 -> Add data lock for sanitizer all build status data to be written
Thu Jul  2 09:07:36 UTC 2026 -> Add data lock for reverse_iterator all build status data to be written
Thu Jul  2 09:39:42 UTC 2026 -> Add data lock for sanitizer all build status data to be written
Thu Jul  2 10:03:13 AM UTC 2026 -> Add data lock for zephyr riscv32 build status data to be written
Thu Jul  2 10:03:47 AM UTC 2026 -> Add data lock for zephyr arm build status data to be written
Thu Jul  2 10:04:04 AM UTC 2026 -> Add data lock for zephyr aarch64 build status data to be written
Thu Jul  2 10:04:17 AM UTC 2026 -> Add data lock for zephyr riscv64 build status data to be written
Thu Jul  2 10:04:23 AM UTC 2026 -> Add data lock for zephyr riscv32 build status data to be written
Thu Jul  2 10:11:47 AM UTC 2026 -> Add data lock for zephyr riscv32 build status data to be written
Thu Jul  2 10:44:48 UTC 2026 -> Add data lock for nightly all build status data to be written
Thu Jul  2 11:53:10 UTC 2026 -> Add data lock for reverse_iterator all build status data to be written
Fri Jul  3 02:59:08 UTC 2026 -> Add data lock for musl arm build status data to be written
Fri Jul  3 02:59:22 UTC 2026 -> Add data lock for musl aarch64 build status data to be written
Fri Jul  3 02:59:25 UTC 2026 -> Add data lock for musl riscv64 build status data to be written
Fri Jul  3 02:59:35 UTC 2026 -> Add data lock for musl riscv32 build status data to be written
Fri Jul  3 02:59:42 UTC 2026 -> Add data lock for musl x86-64 build status data to be written
Fri Jul  3 03:01:11 UTC 2026 -> Add data lock for musl arm build status data to be written
Fri Jul  3 03:01:21 UTC 2026 -> Add data lock for musl x86-64 build status data to be written
Fri Jul  3 03:01:30 UTC 2026 -> Add data lock for musl riscv64 build status data to be written
Fri Jul  3 03:01:41 UTC 2026 -> Add data lock for musl riscv32 build status data to be written
Fri Jul  3 03:03:38 CUT 2026 -> Add data lock for windows_nightly x64 build status data to be written
Fri Jul  3 03:06:00 CUT 2026 -> Add data lock for windows_nightly ARM64 build status data to be written
Fri Jul  3 05:20:08 UTC 2026 -> Add data lock for picolibc hexagon build status data to be written
Fri Jul  3 05:20:14 UTC 2026 -> Add data lock for picolibc riscv64 build status data to be written
Fri Jul  3 05:20:25 UTC 2026 -> Add data lock for picolibc aarch64 build status data to be written
Fri Jul  3 05:20:42 UTC 2026 -> Add data lock for picolibc arm build status data to be written
Fri Jul  3 05:20:58 UTC 2026 -> Add data lock for picolibc riscv32 build status data to be written
Fri Jul  3 06:58:36 CUT 2026 -> Add data lock for windows_nightly ARM64 build status data to be written
Fri Jul  3 07:24:37 UTC 2026 -> Add data lock for picolibc arm build status data to be written
Fri Jul  3 07:26:14 UTC 2026 -> Add data lock for picolibc riscv64 build status data to be written
Fri Jul  3 07:30:06 UTC 2026 -> Add data lock for picolibc riscv32 build status data to be written
Fri Jul  3 07:32:26 CUT 2026 -> Add data lock for windows_nightly x64 build status data to be written
Fri Jul  3 07:32:36 UTC 2026 -> Add data lock for picolibc aarch64 build status data to be written
Fri Jul  3 07:34:23 UTC 2026 -> Add data lock for picolibc hexagon build status data to be written
Fri Jul  3 08:03:25 UTC 2026 -> Add data lock for nightly all build status data to be written
Fri Jul  3 08:05:49 UTC 2026 -> Add data lock for sanitizer all build status data to be written
Fri Jul  3 09:06:53 UTC 2026 -> Add data lock for reverse_iterator all build status data to be written
Fri Jul  3 09:38:24 UTC 2026 -> Add data lock for sanitizer all build status data to be written
Fri Jul  3 10:01:58 AM UTC 2026 -> Add data lock for zephyr aarch64 build status data to be written
Fri Jul  3 10:02:10 AM UTC 2026 -> Add data lock for zephyr arm build status data to be written
Fri Jul  3 10:02:17 AM UTC 2026 -> Add data lock for zephyr riscv32 build status data to be written
Fri Jul  3 10:09:31 AM UTC 2026 -> Add data lock for zephyr riscv32 build status data to be written
Fri Jul  3 12:08:56 UTC 2026 -> Add data lock for reverse_iterator all build status data to be written
Sat Jul  4 02:59:04 UTC 2026 -> Add data lock for musl riscv64 build status data to be written
Sat Jul  4 02:59:17 UTC 2026 -> Add data lock for musl arm build status data to be written
Sat Jul  4 02:59:20 UTC 2026 -> Add musl riscv32 build status data in DB
Sat Jul  4 02:59:22 UTC 2026 -> Add data lock for musl aarch64 build status data to be written
Sat Jul  4 02:59:39 UTC 2026 -> Add data lock for musl x86-64 build status data to be written
Sat Jul  4 03:01:18 UTC 2026 -> Add data lock for musl x86-64 build status data to be written
Sat Jul  4 03:01:32 UTC 2026 -> Add data lock for musl riscv64 build status data to be written
Sat Jul  4 03:01:39 UTC 2026 -> Add data lock for musl arm build status data to be written
Sat Jul  4 03:03:32 CUT 2026 -> Add data lock for windows_nightly x64 build status data to be written
Sat Jul  4 03:05:42 CUT 2026 -> Add data lock for windows_nightly ARM64 build status data to be written
Sat Jul  4 05:18:21 UTC 2026 -> Add data lock for picolibc arm build status data to be written
Sat Jul  4 05:18:27 UTC 2026 -> Add data lock for picolibc riscv64 build status data to be written
Sat Jul  4 05:18:41 UTC 2026 -> Add data lock for picolibc riscv32 build status data to be written
Sat Jul  4 05:18:45 UTC 2026 -> Add data lock for picolibc hexagon build status data to be written
Sat Jul  4 05:18:52 UTC 2026 -> Add data lock for picolibc aarch64 build status data to be written
Sat Jul  4 06:49:23 CUT 2026 -> Add data lock for windows_nightly ARM64 build status data to be written
Sat Jul  4 07:14:22 UTC 2026 -> Add data lock for picolibc aarch64 build status data to be written
Sat Jul  4 07:22:08 UTC 2026 -> Add data lock for picolibc riscv64 build status data to be written
Sat Jul  4 07:30:04 UTC 2026 -> Add data lock for picolibc hexagon build status data to be written
Sat Jul  4 07:33:28 UTC 2026 -> Add data lock for picolibc arm build status data to be written
Sat Jul  4 07:40:03 UTC 2026 -> Add data lock for picolibc riscv32 build status data to be written
Sat Jul  4 07:58:37 UTC 2026 -> Add data lock for nightly all build status data to be written
Sat Jul  4 08:00:46 UTC 2026 -> Add data lock for sanitizer all build status data to be written
Sat Jul  4 08:56:04 UTC 2026 -> Add data lock for reverse_iterator all build status data to be written
Sat Jul  4 09:43:49 AM UTC 2026 -> Add data lock for zephyr riscv64 build status data to be written
Sat Jul  4 09:43:53 AM UTC 2026 -> Add data lock for zephyr aarch64 build status data to be written
Sat Jul  4 09:44:02 AM UTC 2026 -> Add data lock for zephyr arm build status data to be written
Sat Jul  4 09:44:07 AM UTC 2026 -> Add data lock for zephyr riscv32 build status data to be written
Sat Jul  4 09:44:20 AM UTC 2026 -> Add data lock for zephyr riscv32 build status data to be written
Sat Jul  4 09:50:12 AM UTC 2026 -> Add data lock for zephyr riscv32 build status data to be written
Sat Jul  4 09:58:34 UTC 2026 -> Add data lock for sanitizer all build status data to be written
Sat Jul  4 11:20:18 UTC 2026 -> Add data lock for nightly all build status data to be written
Sat Jul  4 12:31:18 UTC 2026 -> Add data lock for reverse_iterator all build status data to be written
Sun Jul  5 02:59:24 UTC 2026 -> Add data lock for musl x86-64 build status data to be written
Sun Jul  5 02:59:37 UTC 2026 -> Add data lock for musl aarch64 build status data to be written
Sun Jul  5 02:59:54 UTC 2026 -> Add data lock for musl riscv32 build status data to be written
Sun Jul  5 03:00:10 UTC 2026 -> Add data lock for musl riscv64 build status data to be written
Sun Jul  5 03:01:14 UTC 2026 -> Add data lock for musl x86-64 build status data to be written
Sun Jul  5 03:02:18 UTC 2026 -> Add data lock for musl riscv64 build status data to be written
Sun Jul  5 03:02:37 UTC 2026 -> Add data lock for musl riscv32 build status data to be written
Sun Jul  5 03:04:28 CUT 2026 -> Add data lock for windows_nightly x64 build status data to be written
Sun Jul  5 03:06:54 CUT 2026 -> Add data lock for windows_nightly ARM64 build status data to be written
Sun Jul  5 05:21:45 UTC 2026 -> Add data lock for picolibc aarch64 build status data to be written
Sun Jul  5 05:21:50 UTC 2026 -> Add data lock for picolibc arm build status data to be written
Sun Jul  5 05:22:00 UTC 2026 -> Add data lock for picolibc riscv64 build status data to be written
Sun Jul  5 05:22:03 UTC 2026 -> Add data lock for picolibc hexagon build status data to be written
Sun Jul  5 06:43:18 CUT 2026 -> Add data lock for windows_nightly ARM64 build status data to be written
Sun Jul  5 07:29:05 UTC 2026 -> Add data lock for picolibc hexagon build status data to be written
Sun Jul  5 07:30:49 UTC 2026 -> Add data lock for picolibc aarch64 build status data to be written
Sun Jul  5 07:34:18 CUT 2026 -> Add data lock for windows_nightly x64 build status data to be written
Sun Jul  5 07:40:11 UTC 2026 -> Add data lock for picolibc riscv32 build status data to be written
Sun Jul  5 07:40:22 UTC 2026 -> Add data lock for picolibc arm build status data to be written
Sun Jul  5 07:41:56 UTC 2026 -> Add data lock for picolibc riscv64 build status data to be written
Sun Jul  5 08:01:15 UTC 2026 -> Add data lock for nightly all build status data to be written
Sun Jul  5 08:03:56 UTC 2026 -> Add data lock for sanitizer all build status data to be written
Sun Jul  5 09:04:46 UTC 2026 -> Add data lock for reverse_iterator all build status data to be written
Sun Jul  5 09:39:41 UTC 2026 -> Add data lock for sanitizer all build status data to be written
Sun Jul  5 09:50:31 AM UTC 2026 -> Add data lock for zephyr aarch64 build status data to be written
Sun Jul  5 09:50:36 AM UTC 2026 -> Add data lock for zephyr arm build status data to be written
Sun Jul  5 09:50:45 AM UTC 2026 -> Add data lock for zephyr riscv64 build status data to be written
Sun Jul  5 09:50:53 AM UTC 2026 -> Add data lock for zephyr riscv32 build status data to be written
Sun Jul  5 09:51:36 AM UTC 2026 -> Add data lock for zephyr riscv32 build status data to be written
Sun Jul  5 09:57:09 AM UTC 2026 -> Add data lock for zephyr riscv32 build status data to be written
Sun Jul  5 11:22:29 UTC 2026 -> Add data lock for nightly all build status data to be written
Sun Jul  5 12:40:48 UTC 2026 -> Add data lock for reverse_iterator all build status data to be written
Mon Jul  6 02:59:53 UTC 2026 -> Add data lock for musl arm build status data to be written
Mon Jul  6 03:00:10 UTC 2026 -> Add data lock for musl riscv64 build status data to be written
Mon Jul  6 03:00:22 UTC 2026 -> Add data lock for musl riscv32 build status data to be written
Mon Jul  6 03:00:26 UTC 2026 -> Add data lock for musl x86-64 build status data to be written
Mon Jul  6 03:00:43 UTC 2026 -> Add data lock for musl aarch64 build status data to be written
Mon Jul  6 03:02:01 UTC 2026 -> Add data lock for musl x86-64 build status data to be written
Mon Jul  6 03:02:12 UTC 2026 -> Add data lock for musl arm build status data to be written
Mon Jul  6 03:02:31 UTC 2026 -> Add data lock for musl riscv32 build status data to be written
Mon Jul  6 03:05:02 CUT 2026 -> Add data lock for windows_nightly x64 build status data to be written
Mon Jul  6 03:07:19 CUT 2026 -> Add data lock for windows_nightly ARM64 build status data to be written
Mon Jul  6 05:29:53 UTC 2026 -> Add data lock for picolibc aarch64 build status data to be written
Mon Jul  6 05:29:59 UTC 2026 -> Add data lock for picolibc hexagon build status data to be written
Mon Jul  6 05:30:15 UTC 2026 -> Add data lock for picolibc arm build status data to be written
Mon Jul  6 05:30:28 UTC 2026 -> Add data lock for picolibc riscv64 build status data to be written
Mon Jul  6 05:30:33 UTC 2026 -> Add data lock for picolibc riscv32 build status data to be written
Mon Jul  6 06:57:55 CUT 2026 -> Add data lock for windows_nightly ARM64 build status data to be written
Mon Jul  6 07:30:14 CUT 2026 -> Add data lock for windows_nightly x64 build status data to be written
Mon Jul  6 07:33:19 UTC 2026 -> Add data lock for picolibc aarch64 build status data to be written
Mon Jul  6 07:33:52 UTC 2026 -> Add data lock for picolibc arm build status data to be written
Mon Jul  6 07:45:46 UTC 2026 -> Add data lock for picolibc riscv64 build status data to be written
Mon Jul  6 07:50:12 UTC 2026 -> Add data lock for picolibc riscv32 build status data to be written
Mon Jul  6 07:51:55 UTC 2026 -> Add data lock for picolibc hexagon build status data to be written
Mon Jul  6 08:32:23 UTC 2026 -> Add data lock for nightly all build status data to be written
Mon Jul  6 08:36:30 UTC 2026 -> Add data lock for sanitizer all build status data to be written
Mon Jul  6 09:25:22 UTC 2026 -> Add data lock for reverse_iterator all build status data to be written
Mon Jul  6 10:08:34 UTC 2026 -> Add data lock for sanitizer all build status data to be written
Mon Jul  6 10:33:22 AM UTC 2026 -> Add data lock for zephyr riscv32 build status data to be written
Mon Jul  6 10:33:38 AM UTC 2026 -> Add zephyr riscv64 build status data in DB
Mon Jul  6 10:33:45 AM UTC 2026 -> Add zephyr arm build status data in DB
Mon Jul  6 10:33:55 AM UTC 2026 -> Add data lock for zephyr riscv32 build status data to be written
Mon Jul  6 10:34:12 AM UTC 2026 -> Add data lock for zephyr aarch64 build status data to be written
Mon Jul  6 10:39:40 AM UTC 2026 -> Add data lock for zephyr riscv32 build status data to be written
Mon Jul  6 10:46:50 UTC 2026 -> Add data lock for nightly all build status data to be written
Mon Jul  6 13:01:12 UTC 2026 -> Add data lock for reverse_iterator all build status data to be written
Tue Jul  7 02:59:35 UTC 2026 -> Add data lock for musl aarch64 build status data to be written
Tue Jul  7 02:59:50 UTC 2026 -> Add data lock for musl arm build status data to be written
Tue Jul  7 02:59:53 UTC 2026 -> Add data lock for musl x86-64 build status data to be written
Tue Jul  7 03:00:06 UTC 2026 -> Add data lock for musl riscv32 build status data to be written
Tue Jul  7 03:01:40 UTC 2026 -> Add data lock for musl riscv64 build status data to be written
Tue Jul  7 03:01:54 UTC 2026 -> Add data lock for musl x86-64 build status data to be written
Tue Jul  7 03:02:10 UTC 2026 -> Add data lock for musl arm build status data to be written
Tue Jul  7 03:02:36 UTC 2026 -> Add data lock for musl riscv32 build status data to be written
Tue Jul  7 03:04:52 CUT 2026 -> Add data lock for windows_nightly x64 build status data to be written
Tue Jul  7 03:07:32 CUT 2026 -> Add data lock for windows_nightly ARM64 build status data to be written
Tue Jul  7 05:22:05 UTC 2026 -> Add data lock for picolibc riscv32 build status data to be written
Tue Jul  7 05:22:11 UTC 2026 -> Add data lock for picolibc riscv64 build status data to be written
Tue Jul  7 05:22:19 UTC 2026 -> Add data lock for picolibc hexagon build status data to be written
Tue Jul  7 05:22:35 UTC 2026 -> Add data lock for picolibc aarch64 build status data to be written
Tue Jul  7 05:22:52 UTC 2026 -> Add data lock for picolibc arm build status data to be written
Tue Jul  7 07:16:07 UTC 2026 -> Add data lock for picolibc riscv32 build status data to be written
Tue Jul  7 07:27:21 UTC 2026 -> Add data lock for picolibc arm build status data to be written
Tue Jul  7 07:38:48 UTC 2026 -> Add data lock for picolibc aarch64 build status data to be written
Tue Jul  7 07:43:36 UTC 2026 -> Add data lock for picolibc hexagon build status data to be written
Tue Jul  7 07:44:52 UTC 2026 -> Add data lock for picolibc riscv64 build status data to be written
Tue Jul  7 08:07:54 UTC 2026 -> Add data lock for nightly all build status data to be written
Tue Jul  7 08:10:39 UTC 2026 -> Add data lock for sanitizer all build status data to be written
Tue Jul  7 09:09:55 UTC 2026 -> Add data lock for reverse_iterator all build status data to be written
Tue Jul  7 09:53:51 UTC 2026 -> Add data lock for sanitizer all build status data to be written
Tue Jul  7 10:11:26 AM UTC 2026 -> Add data lock for zephyr riscv64 build status data to be written
Tue Jul  7 10:11:32 AM UTC 2026 -> Add data lock for zephyr arm build status data to be written
Tue Jul  7 10:11:45 AM UTC 2026 -> Add data lock for zephyr aarch64 build status data to be written
Tue Jul  7 10:12:08 AM UTC 2026 -> Add data lock for zephyr riscv32 build status data to be written
Tue Jul  7 10:19:15 AM UTC 2026 -> Add data lock for zephyr riscv32 build status data to be written
Tue Jul  7 11:21:56 UTC 2026 -> Add data lock for nightly all build status data to be written
Tue Jul  7 12:55:59 UTC 2026 -> Add data lock for reverse_iterator all build status data to be written
Wed Jul  8 02:58:22 UTC 2026 -> Add data lock for musl riscv32 build status data to be written
Wed Jul  8 02:58:37 UTC 2026 -> Add data lock for musl riscv64 build status data to be written
Wed Jul  8 02:58:49 UTC 2026 -> Add data lock for musl aarch64 build status data to be written
Wed Jul  8 02:59:06 UTC 2026 -> Add data lock for musl x86-64 build status data to be written
Wed Jul  8 02:59:23 UTC 2026 -> Add data lock for musl arm build status data to be written
Wed Jul  8 03:00:21 UTC 2026 -> Add data lock for musl riscv32 build status data to be written
Wed Jul  8 03:00:34 UTC 2026 -> Add data lock for musl x86-64 build status data to be written
Wed Jul  8 03:00:51 UTC 2026 -> Add data lock for musl riscv64 build status data to be written
Wed Jul  8 03:01:30 UTC 2026 -> Add data lock for musl arm build status data to be written
Wed Jul  8 03:03:04 CUT 2026 -> Add data lock for windows_nightly x64 build status data to be written
Wed Jul  8 03:05:39 CUT 2026 -> Add data lock for windows_nightly ARM64 build status data to be written
Wed Jul  8 05:06:26 UTC 2026 -> Add data lock for picolibc riscv32 build status data to be written
Wed Jul  8 05:06:54 UTC 2026 -> Add data lock for picolibc arm build status data to be written
Wed Jul  8 05:07:13 UTC 2026 -> Add data lock for picolibc riscv64 build status data to be written
Wed Jul  8 05:07:57 UTC 2026 -> Add data lock for picolibc aarch64 build status data to be written
Wed Jul  8 06:57:27 CUT 2026 -> Add data lock for windows_nightly ARM64 build status data to be written
Wed Jul  8 07:15:44 UTC 2026 -> Add data lock for picolibc aarch64 build status data to be written
Wed Jul  8 07:26:05 UTC 2026 -> Add data lock for picolibc riscv32 build status data to be written
Wed Jul  8 07:28:30 UTC 2026 -> Add data lock for picolibc arm build status data to be written
Wed Jul  8 07:29:05 UTC 2026 -> Add data lock for picolibc riscv64 build status data to be written
Wed Jul  8 07:30:10 CUT 2026 -> Add data lock for windows_nightly x64 build status data to be written
Wed Jul  8 07:49:01 UTC 2026 -> Add data lock for nightly all build status data to be written
Wed Jul  8 07:51:49 UTC 2026 -> Add data lock for sanitizer all build status data to be written
Wed Jul  8 08:55:06 UTC 2026 -> Add data lock for reverse_iterator all build status data to be written
Wed Jul  8 09:37:56 UTC 2026 -> Add data lock for sanitizer all build status data to be written
Wed Jul  8 09:48:47 AM UTC 2026 -> Add data lock for zephyr arm build status data to be written
Wed Jul  8 09:49:01 AM UTC 2026 -> Add data lock for zephyr riscv64 build status data to be written
Wed Jul  8 09:49:06 AM UTC 2026 -> Add data lock for zephyr riscv32 build status data to be written
Wed Jul  8 09:49:18 AM UTC 2026 -> Add data lock for zephyr riscv32 build status data to be written
Wed Jul  8 09:49:30 AM UTC 2026 -> Add data lock for zephyr aarch64 build status data to be written
Wed Jul  8 09:55:59 AM UTC 2026 -> Add data lock for zephyr riscv32 build status data to be written
Wed Jul  8 11:16:32 UTC 2026 -> Add data lock for nightly all build status data to be written
Wed Jul  8 12:35:39 UTC 2026 -> Add data lock for reverse_iterator all build status data to be written
Thu Jul  9 02:59:17 UTC 2026 -> Add data lock for musl x86-64 build status data to be written
Thu Jul  9 02:59:32 UTC 2026 -> Add data lock for musl riscv64 build status data to be written
Thu Jul  9 02:59:35 UTC 2026 -> Add data lock for musl aarch64 build status data to be written
Thu Jul  9 02:59:48 UTC 2026 -> Add data lock for musl arm build status data to be written
Thu Jul  9 03:00:55 UTC 2026 -> Add data lock for musl x86-64 build status data to be written
Thu Jul  9 03:01:18 UTC 2026 -> Add data lock for musl riscv32 build status data to be written
Thu Jul  9 03:01:41 UTC 2026 -> Add data lock for musl riscv64 build status data to be written
Thu Jul  9 03:01:53 UTC 2026 -> Add data lock for musl arm build status data to be written
Thu Jul  9 03:04:05 CUT 2026 -> Add data lock for windows_nightly x64 build status data to be written
Thu Jul  9 03:06:04 CUT 2026 -> Add data lock for windows_nightly ARM64 build status data to be written
Thu Jul  9 05:22:40 UTC 2026 -> Add data lock for picolibc hexagon build status data to be written
Thu Jul  9 05:22:47 UTC 2026 -> Add data lock for picolibc arm build status data to be written
Thu Jul  9 05:22:57 UTC 2026 -> Add data lock for picolibc riscv64 build status data to be written
Thu Jul  9 05:23:05 UTC 2026 -> Add data lock for picolibc aarch64 build status data to be written
Thu Jul  9 05:23:22 UTC 2026 -> Add data lock for picolibc riscv32 build status data to be written
Thu Jul  9 06:43:44 CUT 2026 -> Add data lock for windows_nightly ARM64 build status data to be written
Thu Jul  9 07:10:19 UTC 2026 -> Add data lock for picolibc riscv64 build status data to be written
Thu Jul  9 07:18:58 CUT 2026 -> Add data lock for windows_nightly x64 build status data to be written
Thu Jul  9 07:25:56 UTC 2026 -> Add data lock for picolibc arm build status data to be written
Thu Jul  9 07:42:59 UTC 2026 -> Add data lock for picolibc riscv32 build status data to be written
Thu Jul  9 07:43:16 UTC 2026 -> Add data lock for picolibc aarch64 build status data to be written
Thu Jul  9 07:48:11 UTC 2026 -> Add data lock for picolibc hexagon build status data to be written
Thu Jul  9 08:13:21 UTC 2026 -> Add data lock for nightly all build status data to be written
Thu Jul  9 08:13:28 UTC 2026 -> Add data lock for sanitizer all build status data to be written
Thu Jul  9 09:11:01 UTC 2026 -> Add data lock for reverse_iterator all build status data to be written
Thu Jul  9 10:14:50 AM UTC 2026 -> Add data lock for zephyr riscv64 build status data to be written
Thu Jul  9 10:15:01 AM UTC 2026 -> Add data lock for zephyr riscv32 build status data to be written
Thu Jul  9 10:15:23 AM UTC 2026 -> Add data lock for zephyr arm build status data to be written
Thu Jul  9 10:15:41 AM UTC 2026 -> Add zephyr aarch64 build status data in DB
Thu Jul  9 10:22:02 AM UTC 2026 -> Add data lock for zephyr riscv32 build status data to be written
Thu Jul  9 11:22:23 UTC 2026 -> Add data lock for nightly all build status data to be written
Thu Jul  9 12:26:08 UTC 2026 -> Add data lock for reverse_iterator all build status data to be written
Fri Jul 10 02:59:20 UTC 2026 -> Add data lock for musl riscv32 build status data to be written
Fri Jul 10 02:59:34 UTC 2026 -> Add data lock for musl riscv64 build status data to be written
Fri Jul 10 02:59:46 UTC 2026 -> Add data lock for musl x86-64 build status data to be written
Fri Jul 10 03:00:04 UTC 2026 -> Add data lock for musl arm build status data to be written
Fri Jul 10 03:01:17 UTC 2026 -> Add data lock for musl x86-64 build status data to be written
Fri Jul 10 03:01:32 UTC 2026 -> Add data lock for musl riscv32 build status data to be written
Fri Jul 10 03:01:49 UTC 2026 -> Add data lock for musl riscv64 build status data to be written
Fri Jul 10 03:02:09 UTC 2026 -> Add data lock for musl arm build status data to be written
Fri Jul 10 03:04:05 CUT 2026 -> Add data lock for windows_nightly x64 build status data to be written
Fri Jul 10 03:06:30 CUT 2026 -> Add data lock for windows_nightly ARM64 build status data to be written
Fri Jul 10 05:22:03 UTC 2026 -> Add data lock for picolibc riscv64 build status data to be written
Fri Jul 10 05:22:09 UTC 2026 -> Add data lock for picolibc aarch64 build status data to be written
Fri Jul 10 05:22:17 UTC 2026 -> Add data lock for picolibc riscv32 build status data to be written
Fri Jul 10 05:22:25 UTC 2026 -> Add data lock for picolibc hexagon build status data to be written
Fri Jul 10 06:43:00 CUT 2026 -> Add data lock for windows_nightly ARM64 build status data to be written
Fri Jul 10 07:36:59 CUT 2026 -> Add data lock for windows_nightly x64 build status data to be written
Fri Jul 10 07:40:36 UTC 2026 -> Add data lock for picolibc arm build status data to be written
Fri Jul 10 07:42:56 UTC 2026 -> Add data lock for picolibc aarch64 build status data to be written
Fri Jul 10 07:44:37 UTC 2026 -> Add data lock for picolibc riscv64 build status data to be written
Fri Jul 10 07:44:56 UTC 2026 -> Add data lock for picolibc riscv32 build status data to be written
Fri Jul 10 07:53:03 UTC 2026 -> Add data lock for picolibc hexagon build status data to be written
Fri Jul 10 08:09:16 UTC 2026 -> Add data lock for nightly all build status data to be written
Fri Jul 10 08:11:24 UTC 2026 -> Add data lock for sanitizer all build status data to be written
Fri Jul 10 09:08:40 UTC 2026 -> Add data lock for reverse_iterator all build status data to be written
Fri Jul 10 09:57:58 UTC 2026 -> Add data lock for sanitizer all build status data to be written
Fri Jul 10 10:08:30 AM UTC 2026 -> Add data lock for zephyr aarch64 build status data to be written
Fri Jul 10 10:08:47 AM UTC 2026 -> Add data lock for zephyr arm build status data to be written
Fri Jul 10 10:09:10 AM UTC 2026 -> Add data lock for zephyr riscv32 build status data to be written
Fri Jul 10 10:09:25 AM UTC 2026 -> Add data lock for zephyr riscv64 build status data to be written
Fri Jul 10 10:16:36 AM UTC 2026 -> Add data lock for zephyr riscv32 build status data to be written
Fri Jul 10 11:32:07 UTC 2026 -> Add data lock for nightly all build status data to be written
Fri Jul 10 12:30:36 UTC 2026 -> Add data lock for reverse_iterator all build status data to be written
Sat Jul 11 02:58:18 UTC 2026 -> Add data lock for musl aarch64 build status data to be written
Sat Jul 11 02:58:31 UTC 2026 -> Add data lock for musl arm build status data to be written
Sat Jul 11 02:58:34 UTC 2026 -> Add data lock for musl riscv64 build status data to be written
Sat Jul 11 02:58:43 UTC 2026 -> Add musl riscv32 build status data in DB
Sat Jul 11 03:00:17 UTC 2026 -> Add data lock for musl x86-64 build status data to be written
Sat Jul 11 03:00:30 UTC 2026 -> Add data lock for musl arm build status data to be written
Sat Jul 11 03:01:06 UTC 2026 -> Add data lock for musl riscv32 build status data to be written
Sat Jul 11 03:02:23 CUT 2026 -> Add data lock for windows_nightly x64 build status data to be written
Sat Jul 11 03:04:40 CUT 2026 -> Add data lock for windows_nightly ARM64 build status data to be written
Sat Jul 11 05:04:46 UTC 2026 -> Add data lock for picolibc riscv32 build status data to be written
Sat Jul 11 05:04:57 UTC 2026 -> Add data lock for picolibc arm build status data to be written
Sat Jul 11 05:05:15 UTC 2026 -> Add data lock for picolibc hexagon build status data to be written
Sat Jul 11 05:05:32 UTC 2026 -> Add picolibc aarch64 build status data in DB
Sat Jul 11 06:53:54 CUT 2026 -> Add data lock for windows_nightly ARM64 build status data to be written
Sat Jul 11 07:08:20 UTC 2026 -> Add data lock for picolibc arm build status data to be written
Sat Jul 11 07:11:09 UTC 2026 -> Add data lock for picolibc aarch64 build status data to be written
Sat Jul 11 07:22:08 UTC 2026 -> Add data lock for picolibc riscv64 build status data to be written
Sat Jul 11 07:26:37 UTC 2026 -> Add data lock for picolibc riscv32 build status data to be written
Sat Jul 11 07:29:13 UTC 2026 -> Add data lock for picolibc hexagon build status data to be written
Sat Jul 11 07:33:50 UTC 2026 -> Add data lock for nightly all build status data to be written
Sat Jul 11 07:37:37 UTC 2026 -> Add data lock for sanitizer all build status data to be written
Sat Jul 11 08:36:31 UTC 2026 -> Add data lock for reverse_iterator all build status data to be written
Sat Jul 11 08:50:14 UTC 2026 -> Add data lock for sanitizer all build status data to be written
Sat Jul 11 09:32:19 AM UTC 2026 -> Add data lock for zephyr riscv32 build status data to be written
Sat Jul 11 09:32:30 AM UTC 2026 -> Add data lock for zephyr riscv64 build status data to be written
Sat Jul 11 09:32:57 AM UTC 2026 -> Add data lock for zephyr riscv32 build status data to be written
Sat Jul 11 09:38:51 AM UTC 2026 -> Add data lock for zephyr riscv32 build status data to be written
Sat Jul 11 09:56:08 UTC 2026 -> Add data lock for nightly all build status data to be written
Sat Jul 11 12:11:05 UTC 2026 -> Add data lock for reverse_iterator all build status data to be written
Sun Jul 12 02:58:40 UTC 2026 -> Add data lock for musl arm build status data to be written
Sun Jul 12 02:58:55 UTC 2026 -> Add data lock for musl riscv32 build status data to be written
Sun Jul 12 02:59:08 UTC 2026 -> Add data lock for musl aarch64 build status data to be written
Sun Jul 12 02:59:16 UTC 2026 -> Add musl x86-64 build status data in DB
Sun Jul 12 03:00:31 UTC 2026 -> Add data lock for musl riscv64 build status data to be written
Sun Jul 12 03:00:57 UTC 2026 -> Add data lock for musl x86-64 build status data to be written
Sun Jul 12 03:01:05 UTC 2026 -> Add data lock for musl riscv32 build status data to be written
Sun Jul 12 03:01:10 UTC 2026 -> Add data lock for musl arm build status data to be written
Sun Jul 12 03:03:01 CUT 2026 -> Add data lock for windows_nightly x64 build status data to be written
Sun Jul 12 03:06:25 CUT 2026 -> Add data lock for windows_nightly ARM64 build status data to be written
Sun Jul 12 05:06:52 UTC 2026 -> Add data lock for picolibc riscv32 build status data to be written
Sun Jul 12 05:06:58 UTC 2026 -> Add data lock for picolibc riscv64 build status data to be written
Sun Jul 12 05:07:08 UTC 2026 -> Add data lock for picolibc aarch64 build status data to be written
Sun Jul 12 05:07:13 UTC 2026 -> Add data lock for picolibc hexagon build status data to be written
Sun Jul 12 06:20:55 UTC 2026 -> Add data lock for picolibc aarch64 build status data to be written
Sun Jul 12 06:32:44 UTC 2026 -> Add data lock for picolibc riscv64 build status data to be written
Sun Jul 12 06:40:35 UTC 2026 -> Add data lock for picolibc arm build status data to be written
Sun Jul 12 07:19:52 UTC 2026 -> Add data lock for picolibc hexagon build status data to be written
Sun Jul 12 07:25:49 UTC 2026 -> Add data lock for picolibc riscv32 build status data to be written
Sun Jul 12 07:45:00 UTC 2026 -> Add data lock for nightly all build status data to be written
Sun Jul 12 07:47:04 UTC 2026 -> Add data lock for sanitizer all build status data to be written
Sun Jul 12 08:47:04 UTC 2026 -> Add data lock for reverse_iterator all build status data to be written
Sun Jul 12 09:17:16 UTC 2026 -> Add data lock for sanitizer all build status data to be written
Sun Jul 12 09:34:26 AM UTC 2026 -> Add data lock for zephyr riscv64 build status data to be written
Sun Jul 12 09:34:40 AM UTC 2026 -> Add data lock for zephyr aarch64 build status data to be written
Sun Jul 12 09:35:03 AM UTC 2026 -> Add data lock for zephyr riscv32 build status data to be written
Sun Jul 12 09:35:09 AM UTC 2026 -> Add data lock for zephyr riscv32 build status data to be written
Sun Jul 12 09:35:31 UTC 2026 -> Add data lock for nightly all build status data to be written
Sun Jul 12 09:41:40 AM UTC 2026 -> Add data lock for zephyr riscv32 build status data to be written
Sun Jul 12 12:17:43 UTC 2026 -> Add data lock for reverse_iterator all build status data to be written
Mon Jul 13 02:58:32 UTC 2026 -> Add data lock for musl arm build status data to be written
Mon Jul 13 02:58:48 UTC 2026 -> Add data lock for musl riscv64 build status data to be written
Mon Jul 13 02:59:01 UTC 2026 -> Add data lock for musl aarch64 build status data to be written
Mon Jul 13 02:59:05 UTC 2026 -> Add data lock for musl riscv32 build status data to be written
Mon Jul 13 02:59:22 UTC 2026 -> Add data lock for musl x86-64 build status data to be written
Mon Jul 13 03:00:56 UTC 2026 -> Add data lock for musl arm build status data to be written
Mon Jul 13 03:01:03 UTC 2026 -> Add musl x86-64 build status data in DB
Mon Jul 13 03:01:12 UTC 2026 -> Add data lock for musl riscv64 build status data to be written
Mon Jul 13 03:01:29 UTC 2026 -> Add data lock for musl riscv32 build status data to be written
Mon Jul 13 03:03:18 CUT 2026 -> Add data lock for windows_nightly x64 build status data to be written
Mon Jul 13 03:05:37 CUT 2026 -> Add data lock for windows_nightly ARM64 build status data to be written
Mon Jul 13 05:12:53 UTC 2026 -> Add data lock for picolibc arm build status data to be written
Mon Jul 13 05:13:08 UTC 2026 -> Add data lock for picolibc riscv32 build status data to be written
Mon Jul 13 05:13:16 UTC 2026 -> Add picolibc riscv64 build status data in DB
Mon Jul 13 05:13:20 UTC 2026 -> Add picolibc aarch64 build status data in DB
Mon Jul 13 05:13:25 UTC 2026 -> Add data lock for picolibc hexagon build status data to be written
Mon Jul 13 07:11:29 CUT 2026 -> Add data lock for windows_nightly ARM64 build status data to be written
Mon Jul 13 07:22:28 UTC 2026 -> Add data lock for picolibc hexagon build status data to be written
Mon Jul 13 07:30:00 UTC 2026 -> Add data lock for picolibc riscv64 build status data to be written
Mon Jul 13 07:30:43 CUT 2026 -> Add data lock for windows_nightly x64 build status data to be written
Mon Jul 13 07:33:16 UTC 2026 -> Add data lock for picolibc riscv32 build status data to be written
Mon Jul 13 07:34:49 UTC 2026 -> Add data lock for picolibc arm build status data to be written
Mon Jul 13 07:36:30 UTC 2026 -> Add data lock for picolibc aarch64 build status data to be written
Mon Jul 13 08:04:51 UTC 2026 -> Add data lock for nightly all build status data to be written
Mon Jul 13 08:08:24 UTC 2026 -> Add data lock for sanitizer all build status data to be written
Mon Jul 13 08:48:50 UTC 2026 -> Add data lock for sanitizer all build status data to be written
Mon Jul 13 09:08:34 UTC 2026 -> Add data lock for reverse_iterator all build status data to be written
Mon Jul 13 10:06:28 AM UTC 2026 -> Add data lock for zephyr arm build status data to be written
Mon Jul 13 10:06:47 AM UTC 2026 -> Add data lock for zephyr aarch64 build status data to be written
Mon Jul 13 10:06:54 AM UTC 2026 -> Add data lock for zephyr riscv32 build status data to be written
Mon Jul 13 10:07:00 AM UTC 2026 -> Add data lock for zephyr riscv64 build status data to be written
Mon Jul 13 10:07:07 AM UTC 2026 -> Add data lock for zephyr riscv32 build status data to be written
Mon Jul 13 10:14:10 AM UTC 2026 -> Add data lock for zephyr riscv32 build status data to be written
Mon Jul 13 10:18:37 UTC 2026 -> Add data lock for nightly all build status data to be written
Mon Jul 13 12:47:58 UTC 2026 -> Add data lock for reverse_iterator all build status data to be written
Tue Jul 14 02:57:36 UTC 2026 -> Add data lock for musl riscv32 build status data to be written
Tue Jul 14 02:57:50 UTC 2026 -> Add data lock for musl arm build status data to be written
Tue Jul 14 02:57:53 UTC 2026 -> Add data lock for musl riscv64 build status data to be written
Tue Jul 14 02:58:07 UTC 2026 -> Add data lock for musl x86-64 build status data to be written
Tue Jul 14 02:59:45 UTC 2026 -> Add data lock for musl riscv32 build status data to be written
Tue Jul 14 03:00:11 UTC 2026 -> Add data lock for musl arm build status data to be written
Tue Jul 14 03:00:24 UTC 2026 -> Add data lock for musl riscv64 build status data to be written
Tue Jul 14 03:02:02 CUT 2026 -> Add data lock for windows_nightly x64 build status data to be written
Tue Jul 14 03:05:17 CUT 2026 -> Add data lock for windows_nightly ARM64 build status data to be written
Tue Jul 14 05:02:43 UTC 2026 -> Add data lock for picolibc riscv64 build status data to be written
Tue Jul 14 05:02:57 UTC 2026 -> Add data lock for picolibc hexagon build status data to be written
Tue Jul 14 05:02:59 UTC 2026 -> Add data lock for picolibc arm build status data to be written
Tue Jul 14 05:03:14 UTC 2026 -> Add data lock for picolibc riscv32 build status data to be written
Tue Jul 14 05:03:30 UTC 2026 -> Add data lock for picolibc aarch64 build status data to be written
Tue Jul 14 06:23:26 CUT 2026 -> Add data lock for windows_nightly x64 build status data to be written
Tue Jul 14 07:04:10 CUT 2026 -> Add data lock for windows_nightly ARM64 build status data to be written
Tue Jul 14 07:11:49 UTC 2026 -> Add data lock for picolibc hexagon build status data to be written
Tue Jul 14 07:21:16 UTC 2026 -> Add data lock for picolibc arm build status data to be written
Tue Jul 14 07:21:22 UTC 2026 -> Add data lock for picolibc riscv64 build status data to be written
Tue Jul 14 07:23:54 UTC 2026 -> Add data lock for picolibc riscv32 build status data to be written
Tue Jul 14 07:24:25 UTC 2026 -> Add data lock for picolibc aarch64 build status data to be written
Tue Jul 14 07:35:07 UTC 2026 -> Add data lock for nightly all build status data to be written
Tue Jul 14 07:39:24 UTC 2026 -> Add data lock for sanitizer all build status data to be written
Tue Jul 14 08:47:01 UTC 2026 -> Add data lock for reverse_iterator all build status data to be written
Tue Jul 14 09:20:55 UTC 2026 -> Add data lock for sanitizer all build status data to be written
Tue Jul 14 09:35:10 AM UTC 2026 -> Add data lock for zephyr arm build status data to be written
Tue Jul 14 09:35:44 AM UTC 2026 -> Add data lock for zephyr aarch64 build status data to be written
Tue Jul 14 09:35:55 AM UTC 2026 -> Add data lock for zephyr riscv32 build status data to be written
Tue Jul 14 09:43:04 AM UTC 2026 -> Add data lock for zephyr riscv32 build status data to be written
Tue Jul 14 10:35:33 UTC 2026 -> Add data lock for nightly all build status data to be written
Tue Jul 14 12:24:34 UTC 2026 -> Add data lock for reverse_iterator all build status data to be written
Wed Jul 15 02:57:47 UTC 2026 -> Add data lock for musl aarch64 build status data to be written
Wed Jul 15 02:58:00 UTC 2026 -> Add data lock for musl x86-64 build status data to be written
Wed Jul 15 02:58:13 UTC 2026 -> Add data lock for musl riscv32 build status data to be written
Wed Jul 15 02:58:30 UTC 2026 -> Add data lock for musl arm build status data to be written
Wed Jul 15 02:59:45 UTC 2026 -> Add data lock for musl x86-64 build status data to be written
Wed Jul 15 02:59:54 UTC 2026 -> Add data lock for musl riscv64 build status data to be written
Wed Jul 15 03:00:17 UTC 2026 -> Add data lock for musl riscv32 build status data to be written
Wed Jul 15 03:00:40 UTC 2026 -> Add data lock for musl arm build status data to be written
Wed Jul 15 03:02:10 CUT 2026 -> Add data lock for windows_nightly x64 build status data to be written
Wed Jul 15 03:06:05 CUT 2026 -> Add data lock for windows_nightly ARM64 build status data to be written
Wed Jul 15 05:02:53 UTC 2026 -> Add data lock for picolibc riscv32 build status data to be written
Wed Jul 15 05:03:08 UTC 2026 -> Add data lock for picolibc aarch64 build status data to be written
Wed Jul 15 05:03:20 UTC 2026 -> Add data lock for picolibc hexagon build status data to be written
Wed Jul 15 05:03:25 UTC 2026 -> Add picolibc arm build status data in DB
Wed Jul 15 05:03:36 UTC 2026 -> Add data lock for picolibc riscv64 build status data to be written
Wed Jul 15 06:18:07 UTC 2026 -> Add data lock for picolibc aarch64 build status data to be written
Wed Jul 15 06:18:17 UTC 2026 -> Add data lock for picolibc arm build status data to be written
Wed Jul 15 07:04:48 UTC 2026 -> Add data lock for picolibc riscv32 build status data to be written
Wed Jul 15 07:08:54 CUT 2026 -> Add data lock for windows_nightly ARM64 build status data to be written
Wed Jul 15 07:26:19 UTC 2026 -> Add data lock for picolibc riscv64 build status data to be written
Wed Jul 15 07:29:12 UTC 2026 -> Add data lock for picolibc hexagon build status data to be written
Wed Jul 15 07:37:32 UTC 2026 -> Add data lock for nightly all build status data to be written
Wed Jul 15 07:37:41 CUT 2026 -> Add data lock for windows_nightly x64 build status data to be written
Wed Jul 15 07:41:41 UTC 2026 -> Add data lock for sanitizer all build status data to be written
Wed Jul 15 08:49:22 UTC 2026 -> Add data lock for reverse_iterator all build status data to be written
Wed Jul 15 09:04:27 UTC 2026 -> Add data lock for sanitizer all build status data to be written
Wed Jul 15 09:37:56 AM UTC 2026 -> Add data lock for zephyr riscv32 build status data to be written
Wed Jul 15 09:38:10 AM UTC 2026 -> Add data lock for zephyr riscv32 build status data to be written
Wed Jul 15 09:38:28 AM UTC 2026 -> Add data lock for zephyr aarch64 build status data to be written
Wed Jul 15 09:38:43 AM UTC 2026 -> Add data lock for zephyr arm build status data to be written
Wed Jul 15 09:43:24 UTC 2026 -> Add data lock for nightly all build status data to be written
Wed Jul 15 09:45:09 AM UTC 2026 -> Add data lock for zephyr riscv32 build status data to be written
Wed Jul 15 12:31:21 UTC 2026 -> Add data lock for reverse_iterator all build status data to be written
Thu Jul 16 02:58:08 UTC 2026 -> Add data lock for musl arm build status data to be written
Thu Jul 16 02:58:25 UTC 2026 -> Add data lock for musl x86-64 build status data to be written
Thu Jul 16 02:58:38 UTC 2026 -> Add data lock for musl aarch64 build status data to be written
Thu Jul 16 02:58:43 UTC 2026 -> Add data lock for musl riscv64 build status data to be written
Thu Jul 16 02:58:55 UTC 2026 -> Add data lock for musl riscv32 build status data to be written
Thu Jul 16 03:00:12 UTC 2026 -> Add data lock for musl x86-64 build status data to be written
Thu Jul 16 03:00:24 UTC 2026 -> Add data lock for musl arm build status data to be written
Thu Jul 16 03:01:13 UTC 2026 -> Add data lock for musl riscv32 build status data to be written
Thu Jul 16 03:02:29 CUT 2026 -> Add data lock for windows_nightly x64 build status data to be written
Thu Jul 16 03:05:17 CUT 2026 -> Add data lock for windows_nightly ARM64 build status data to be written
Thu Jul 16 05:04:58 UTC 2026 -> Add data lock for picolibc riscv64 build status data to be written
Thu Jul 16 05:05:13 UTC 2026 -> Add data lock for picolibc aarch64 build status data to be written
Thu Jul 16 05:05:20 UTC 2026 -> Add data lock for picolibc arm build status data to be written
Thu Jul 16 05:05:34 UTC 2026 -> Add data lock for picolibc hexagon build status data to be written
Thu Jul 16 06:18:14 UTC 2026 -> Add data lock for picolibc riscv64 build status data to be written
Thu Jul 16 06:26:56 UTC 2026 -> Add data lock for picolibc riscv32 build status data to be written
Thu Jul 16 06:32:35 UTC 2026 -> Add data lock for picolibc arm build status data to be written
Thu Jul 16 06:37:41 CUT 2026 -> Add data lock for windows_nightly ARM64 build status data to be written
Thu Jul 16 07:10:18 UTC 2026 -> Add data lock for picolibc aarch64 build status data to be written
Thu Jul 16 07:15:34 CUT 2026 -> Add data lock for windows_nightly x64 build status data to be written
Thu Jul 16 07:27:15 UTC 2026 -> Add data lock for picolibc hexagon build status data to be written
Thu Jul 16 07:42:41 UTC 2026 -> Add data lock for nightly all build status data to be written
Thu Jul 16 07:46:17 UTC 2026 -> Add data lock for sanitizer all build status data to be written
Thu Jul 16 08:49:25 UTC 2026 -> Add data lock for reverse_iterator all build status data to be written
Thu Jul 16 09:38:20 UTC 2026 -> Add data lock for sanitizer all build status data to be written
Thu Jul 16 09:41:14 AM UTC 2026 -> Add data lock for zephyr riscv64 build status data to be written
Thu Jul 16 09:41:23 AM UTC 2026 -> Add data lock for zephyr aarch64 build status data to be written
Thu Jul 16 09:41:28 AM UTC 2026 -> Add data lock for zephyr riscv32 build status data to be written
Thu Jul 16 09:41:38 AM UTC 2026 -> Add data lock for zephyr riscv32 build status data to be written
Thu Jul 16 09:41:52 AM UTC 2026 -> Add data lock for zephyr arm build status data to be written
Thu Jul 16 09:47:31 AM UTC 2026 -> Add data lock for zephyr riscv32 build status data to be written
Thu Jul 16 10:50:45 UTC 2026 -> Add data lock for nightly all build status data to be written
Thu Jul 16 12:26:49 UTC 2026 -> Add data lock for reverse_iterator all build status data to be written
Fri Jul 17 02:58:13 UTC 2026 -> Add data lock for musl x86-64 build status data to be written
Fri Jul 17 02:58:28 UTC 2026 -> Add data lock for musl aarch64 build status data to be written
Fri Jul 17 02:58:40 UTC 2026 -> Add data lock for musl riscv32 build status data to be written
Fri Jul 17 02:58:44 UTC 2026 -> Add data lock for musl riscv64 build status data to be written
Fri Jul 17 03:00:17 UTC 2026 -> Add data lock for musl arm build status data to be written
Fri Jul 17 03:00:41 UTC 2026 -> Add data lock for musl riscv64 build status data to be written
Fri Jul 17 03:00:51 UTC 2026 -> Add data lock for musl riscv32 build status data to be written
Fri Jul 17 03:02:35 CUT 2026 -> Add data lock for windows_nightly x64 build status data to be written
Fri Jul 17 03:05:00 CUT 2026 -> Add data lock for windows_nightly ARM64 build status data to be written
Fri Jul 17 05:05:37 UTC 2026 -> Add data lock for picolibc riscv32 build status data to be written
Fri Jul 17 05:05:43 UTC 2026 -> Add data lock for picolibc hexagon build status data to be written
Fri Jul 17 05:05:50 UTC 2026 -> Add data lock for picolibc aarch64 build status data to be written
Fri Jul 17 05:05:54 UTC 2026 -> Add data lock for picolibc arm build status data to be written
Fri Jul 17 05:06:01 UTC 2026 -> Add data lock for picolibc riscv64 build status data to be written
Fri Jul 17 06:24:16 UTC 2026 -> Add data lock for picolibc aarch64 build status data to be written
Fri Jul 17 06:55:12 CUT 2026 -> Add data lock for windows_nightly ARM64 build status data to be written
Fri Jul 17 06:55:33 CUT 2026 -> Add data lock for windows_nightly x64 build status data to be written
Fri Jul 17 07:13:41 UTC 2026 -> Add data lock for picolibc riscv32 build status data to be written
Fri Jul 17 07:25:16 UTC 2026 -> Add data lock for picolibc arm build status data to be written
Fri Jul 17 07:32:25 UTC 2026 -> Add data lock for picolibc hexagon build status data to be written
Fri Jul 17 07:32:31 UTC 2026 -> Add data lock for picolibc riscv64 build status data to be written
Fri Jul 17 07:40:31 UTC 2026 -> Add data lock for nightly all build status data to be written
Fri Jul 17 07:44:47 UTC 2026 -> Add data lock for sanitizer all build status data to be written
Fri Jul 17 08:46:36 UTC 2026 -> Add data lock for reverse_iterator all build status data to be written
Fri Jul 17 08:52:59 UTC 2026 -> Add data lock for sanitizer all build status data to be written
Fri Jul 17 09:35:01 AM UTC 2026 -> Add data lock for zephyr riscv64 build status data to be written
Fri Jul 17 09:35:07 AM UTC 2026 -> Add data lock for zephyr aarch64 build status data to be written
Fri Jul 17 09:35:15 AM UTC 2026 -> Add data lock for zephyr riscv32 build status data to be written
Fri Jul 17 09:35:22 AM UTC 2026 -> Add data lock for zephyr riscv32 build status data to be written
Fri Jul 17 09:42:39 AM UTC 2026 -> Add data lock for zephyr riscv32 build status data to be written
Fri Jul 17 10:53:59 UTC 2026 -> Add data lock for nightly all build status data to be written
Fri Jul 17 12:18:43 UTC 2026 -> Add data lock for reverse_iterator all build status data to be written
Sat Jul 18 02:57:52 UTC 2026 -> Add data lock for musl arm build status data to be written
Sat Jul 18 02:58:10 UTC 2026 -> Add data lock for musl riscv64 build status data to be written
Sat Jul 18 02:58:26 UTC 2026 -> Add data lock for musl x86-64 build status data to be written
Sat Jul 18 02:58:34 UTC 2026 -> Add musl riscv32 build status data in DB
Sat Jul 18 02:58:38 UTC 2026 -> Add data lock for musl aarch64 build status data to be written
Sat Jul 18 03:00:01 UTC 2026 -> Add data lock for musl x86-64 build status data to be written
Sat Jul 18 03:00:16 UTC 2026 -> Add data lock for musl riscv64 build status data to be written
Sat Jul 18 03:00:23 UTC 2026 -> Add musl arm build status data in DB
Sat Jul 18 03:00:35 UTC 2026 -> Add data lock for musl riscv32 build status data to be written
Sat Jul 18 03:01:51 CUT 2026 -> Add data lock for windows_nightly x64 build status data to be written
Sat Jul 18 03:04:37 CUT 2026 -> Add data lock for windows_nightly ARM64 build status data to be written
Sat Jul 18 05:00:02 UTC 2026 -> Add data lock for picolibc arm build status data to be written
Sat Jul 18 05:00:20 UTC 2026 -> Add data lock for picolibc riscv64 build status data to be written
Sat Jul 18 05:00:37 UTC 2026 -> Add data lock for picolibc aarch64 build status data to be written
Sat Jul 18 05:00:55 UTC 2026 -> Add data lock for picolibc hexagon build status data to be written
Sat Jul 18 06:36:06 UTC 2026 -> Add data lock for picolibc riscv32 build status data to be written
Sat Jul 18 07:07:09 UTC 2026 -> Add data lock for picolibc hexagon build status data to be written
Sat Jul 18 07:17:14 UTC 2026 -> Add data lock for picolibc arm build status data to be written
Sat Jul 18 07:23:04 UTC 2026 -> Add data lock for picolibc riscv64 build status data to be written
Sat Jul 18 07:24:24 UTC 2026 -> Add data lock for picolibc aarch64 build status data to be written
Sat Jul 18 07:33:21 UTC 2026 -> Add data lock for nightly all build status data to be written
Sat Jul 18 07:36:21 UTC 2026 -> Add data lock for sanitizer all build status data to be written
Sat Jul 18 08:36:35 UTC 2026 -> Add data lock for reverse_iterator all build status data to be written
Sat Jul 18 09:31:35 AM UTC 2026 -> Add data lock for zephyr aarch64 build status data to be written
Sat Jul 18 09:31:42 AM UTC 2026 -> Add data lock for zephyr riscv32 build status data to be written
Sat Jul 18 09:31:53 AM UTC 2026 -> Add data lock for zephyr riscv64 build status data to be written
Sat Jul 18 09:32:08 AM UTC 2026 -> Add data lock for zephyr arm build status data to be written
Sat Jul 18 09:32:14 AM UTC 2026 -> Add data lock for zephyr riscv32 build status data to be written
Sat Jul 18 09:38:25 AM UTC 2026 -> Add data lock for zephyr riscv32 build status data to be written
Sat Jul 18 10:34:48 UTC 2026 -> Add data lock for nightly all build status data to be written
Sat Jul 18 12:28:32 UTC 2026 -> Add data lock for reverse_iterator all build status data to be written
Sun Jul 19 02:58:39 UTC 2026 -> Add data lock for musl x86-64 build status data to be written
Sun Jul 19 02:58:55 UTC 2026 -> Add data lock for musl aarch64 build status data to be written
Sun Jul 19 02:59:04 UTC 2026 -> Add musl riscv64 build status data in DB
Sun Jul 19 02:59:07 UTC 2026 -> Add musl riscv32 build status data in DB
Sun Jul 19 02:59:13 UTC 2026 -> Add data lock for musl arm build status data to be written
Sun Jul 19 03:00:19 UTC 2026 -> Add data lock for musl x86-64 build status data to be written
Sun Jul 19 03:01:00 UTC 2026 -> Add data lock for musl riscv64 build status data to be written
Sun Jul 19 03:01:08 UTC 2026 -> Add data lock for musl riscv32 build status data to be written
Sun Jul 19 03:01:37 UTC 2026 -> Add data lock for musl arm build status data to be written
Sun Jul 19 03:02:58 CUT 2026 -> Add data lock for windows_nightly x64 build status data to be written
Sun Jul 19 03:06:42 CUT 2026 -> Add data lock for windows_nightly ARM64 build status data to be written
Sun Jul 19 05:06:20 UTC 2026 -> Add data lock for picolibc aarch64 build status data to be written
Sun Jul 19 05:06:27 UTC 2026 -> Add data lock for picolibc riscv32 build status data to be written
Sun Jul 19 05:06:35 UTC 2026 -> Add data lock for picolibc arm build status data to be written
Sun Jul 19 05:06:45 UTC 2026 -> Add picolibc hexagon build status data in DB
Sun Jul 19 05:06:53 UTC 2026 -> Add data lock for picolibc riscv64 build status data to be written
Sun Jul 19 06:15:12 UTC 2026 -> Add data lock for picolibc riscv64 build status data to be written
Sun Jul 19 07:12:59 UTC 2026 -> Add data lock for picolibc riscv32 build status data to be written
Sun Jul 19 07:28:22 UTC 2026 -> Add data lock for picolibc aarch64 build status data to be written
Sun Jul 19 07:30:08 UTC 2026 -> Add data lock for picolibc arm build status data to be written
Sun Jul 19 07:35:59 UTC 2026 -> Add data lock for picolibc hexagon build status data to be written
Sun Jul 19 07:43:54 UTC 2026 -> Add data lock for nightly all build status data to be written
Sun Jul 19 07:46:43 UTC 2026 -> Add data lock for sanitizer all build status data to be written
Sun Jul 19 08:49:29 UTC 2026 -> Add data lock for reverse_iterator all build status data to be written
Sun Jul 19 09:35:17 AM UTC 2026 -> Add data lock for zephyr arm build status data to be written
Sun Jul 19 09:35:40 AM UTC 2026 -> Add data lock for zephyr riscv32 build status data to be written
Sun Jul 19 09:35:51 AM UTC 2026 -> Add data lock for zephyr aarch64 build status data to be written
Sun Jul 19 09:36:04 AM UTC 2026 -> Add data lock for zephyr riscv64 build status data to be written
Sun Jul 19 09:42:05 AM UTC 2026 -> Add data lock for zephyr riscv32 build status data to be written
Sun Jul 19 10:25:22 UTC 2026 -> Add data lock for nightly all build status data to be written
Sun Jul 19 12:25:12 UTC 2026 -> Add data lock for reverse_iterator all build status data to be written
Mon Jul 20 02:58:33 UTC 2026 -> Add data lock for musl riscv64 build status data to be written
Mon Jul 20 02:58:49 UTC 2026 -> Add data lock for musl arm build status data to be written
Mon Jul 20 02:58:57 UTC 2026 -> Add musl riscv32 build status data in DB
Mon Jul 20 02:59:01 UTC 2026 -> Add data lock for musl x86-64 build status data to be written
Mon Jul 20 02:59:06 UTC 2026 -> Add data lock for musl aarch64 build status data to be written
Mon Jul 20 03:00:38 UTC 2026 -> Add data lock for musl x86-64 build status data to be written
Mon Jul 20 03:01:00 UTC 2026 -> Add data lock for musl riscv32 build status data to be written
Mon Jul 20 03:01:12 UTC 2026 -> Add data lock for musl arm build status data to be written
Mon Jul 20 03:03:09 CUT 2026 -> Add data lock for windows_nightly x64 build status data to be written
Mon Jul 20 03:05:47 CUT 2026 -> Add data lock for windows_nightly ARM64 build status data to be written
Mon Jul 20 05:16:19 UTC 2026 -> Add data lock for picolibc riscv64 build status data to be written
Mon Jul 20 05:16:27 UTC 2026 -> Add data lock for picolibc riscv32 build status data to be written
Mon Jul 20 05:16:34 UTC 2026 -> Add data lock for picolibc hexagon build status data to be written
Mon Jul 20 05:16:44 UTC 2026 -> Add data lock for picolibc aarch64 build status data to be written
Mon Jul 20 07:13:53 UTC 2026 -> Add data lock for picolibc hexagon build status data to be written
Mon Jul 20 07:19:19 UTC 2026 -> Add data lock for picolibc riscv64 build status data to be written
Mon Jul 20 07:33:30 UTC 2026 -> Add data lock for picolibc arm build status data to be written
Mon Jul 20 07:35:51 UTC 2026 -> Add data lock for picolibc riscv32 build status data to be written
Mon Jul 20 07:38:07 UTC 2026 -> Add data lock for picolibc aarch64 build status data to be written
Mon Jul 20 08:02:28 UTC 2026 -> Add data lock for nightly all build status data to be written
Mon Jul 20 08:04:56 UTC 2026 -> Add data lock for sanitizer all build status data to be written
Mon Jul 20 08:33:26 UTC 2026 -> Add data lock for sanitizer all build status data to be written
Mon Jul 20 09:06:14 UTC 2026 -> Add data lock for reverse_iterator all build status data to be written
Mon Jul 20 10:02:59 AM UTC 2026 -> Add data lock for zephyr arm build status data to be written
Mon Jul 20 10:03:14 AM UTC 2026 -> Add data lock for zephyr riscv64 build status data to be written
Mon Jul 20 10:03:29 AM UTC 2026 -> Add data lock for zephyr riscv32 build status data to be written
Mon Jul 20 10:03:46 AM UTC 2026 -> Add zephyr aarch64 build status data in DB
Mon Jul 20 10:03:50 AM UTC 2026 -> Add data lock for zephyr riscv32 build status data to be written
Mon Jul 20 10:10:15 AM UTC 2026 -> Add data lock for zephyr riscv32 build status data to be written
Mon Jul 20 10:25:56 UTC 2026 -> Add data lock for nightly all build status data to be written
Mon Jul 20 11:57:03 UTC 2026 -> Add data lock for reverse_iterator all build status data to be written
Tue Jul 21 02:58:28 UTC 2026 -> Add data lock for musl arm build status data to be written
Tue Jul 21 02:58:42 UTC 2026 -> Add data lock for musl riscv64 build status data to be written
Tue Jul 21 02:58:45 UTC 2026 -> Add data lock for musl x86-64 build status data to be written
Tue Jul 21 02:58:59 UTC 2026 -> Add data lock for musl aarch64 build status data to be written
Tue Jul 21 03:00:18 UTC 2026 -> Add data lock for musl x86-64 build status data to be written
Tue Jul 21 03:00:29 UTC 2026 -> Add data lock for musl riscv32 build status data to be written
Tue Jul 21 03:00:39 UTC 2026 -> Add data lock for musl riscv64 build status data to be written
Tue Jul 21 03:00:44 UTC 2026 -> Add data lock for musl arm build status data to be written
Tue Jul 21 03:02:46 CUT 2026 -> Add data lock for windows_nightly x64 build status data to be written
Tue Jul 21 03:04:59 CUT 2026 -> Add data lock for windows_nightly ARM64 build status data to be written
Tue Jul 21 05:06:07 UTC 2026 -> Add data lock for picolibc hexagon build status data to be written
Tue Jul 21 05:06:27 UTC 2026 -> Add data lock for picolibc riscv32 build status data to be written
Tue Jul 21 05:06:37 UTC 2026 -> Add data lock for picolibc arm build status data to be written
Tue Jul 21 05:06:44 UTC 2026 -> Add data lock for picolibc riscv64 build status data to be written
Tue Jul 21 05:06:50 UTC 2026 -> Add picolibc aarch64 build status data in DB
Tue Jul 21 06:42:54 UTC 2026 -> Add data lock for picolibc riscv32 build status data to be written
Tue Jul 21 06:58:28 CUT 2026 -> Add data lock for windows_nightly ARM64 build status data to be written
Tue Jul 21 07:11:25 UTC 2026 -> Add data lock for picolibc arm build status data to be written
Tue Jul 21 07:28:05 UTC 2026 -> Add data lock for picolibc aarch64 build status data to be written
Tue Jul 21 07:29:02 UTC 2026 -> Add data lock for picolibc riscv64 build status data to be written
Tue Jul 21 07:31:30 CUT 2026 -> Add data lock for windows_nightly x64 build status data to be written
Tue Jul 21 07:32:36 UTC 2026 -> Add data lock for picolibc hexagon build status data to be written
Tue Jul 21 07:49:15 UTC 2026 -> Add data lock for nightly all build status data to be written
Tue Jul 21 07:52:16 UTC 2026 -> Add data lock for sanitizer all build status data to be written
Tue Jul 21 08:56:37 UTC 2026 -> Add data lock for reverse_iterator all build status data to be written
Tue Jul 21 09:50:28 AM UTC 2026 -> Add data lock for zephyr riscv32 build status data to be written
Tue Jul 21 09:50:34 AM UTC 2026 -> Add data lock for zephyr arm build status data to be written
Tue Jul 21 09:50:59 AM UTC 2026 -> Add data lock for zephyr riscv64 build status data to be written
Tue Jul 21 09:51:15 AM UTC 2026 -> Add data lock for zephyr aarch64 build status data to be written
Tue Jul 21 09:51:32 AM UTC 2026 -> Add data lock for zephyr riscv32 build status data to be written
Tue Jul 21 09:59:30 AM UTC 2026 -> Add data lock for zephyr riscv32 build status data to be written
Tue Jul 21 10:41:56 UTC 2026 -> Add data lock for nightly all build status data to be written
Tue Jul 21 12:18:14 UTC 2026 -> Add data lock for reverse_iterator all build status data to be written
Wed Jul 22 02:58:16 UTC 2026 -> Add data lock for musl riscv32 build status data to be written
Wed Jul 22 02:58:24 UTC 2026 -> Add data lock for musl riscv64 build status data to be written
Wed Jul 22 02:58:32 UTC 2026 -> Add data lock for musl x86-64 build status data to be written
Wed Jul 22 02:58:39 UTC 2026 -> Add musl aarch64 build status data in DB
Wed Jul 22 02:58:51 UTC 2026 -> Add data lock for musl arm build status data to be written
Wed Jul 22 02:59:51 UTC 2026 -> Add data lock for musl x86-64 build status data to be written
Wed Jul 22 03:00:17 UTC 2026 -> Add data lock for musl riscv32 build status data to be written
Wed Jul 22 03:00:43 UTC 2026 -> Add data lock for musl riscv64 build status data to be written
Wed Jul 22 03:01:05 UTC 2026 -> Add data lock for musl arm build status data to be written
Wed Jul 22 03:02:38 CUT 2026 -> Add data lock for windows_nightly x64 build status data to be written
Wed Jul 22 03:05:10 CUT 2026 -> Add data lock for windows_nightly ARM64 build status data to be written
Wed Jul 22 05:06:26 UTC 2026 -> Add data lock for picolibc riscv64 build status data to be written
Wed Jul 22 05:06:32 UTC 2026 -> Add data lock for picolibc aarch64 build status data to be written
Wed Jul 22 05:06:41 UTC 2026 -> Add data lock for picolibc hexagon build status data to be written
Wed Jul 22 05:06:49 UTC 2026 -> Add data lock for picolibc arm build status data to be written
Wed Jul 22 05:06:56 UTC 2026 -> Add data lock for picolibc riscv32 build status data to be written
Wed Jul 22 06:47:13 UTC 2026 -> Add data lock for picolibc hexagon build status data to be written
Wed Jul 22 07:27:43 UTC 2026 -> Add data lock for picolibc arm build status data to be written
Wed Jul 22 07:29:28 UTC 2026 -> Add data lock for picolibc riscv64 build status data to be written
Wed Jul 22 07:30:53 UTC 2026 -> Add data lock for picolibc aarch64 build status data to be written
Wed Jul 22 07:33:59 UTC 2026 -> Add data lock for picolibc riscv32 build status data to be written
Wed Jul 22 07:49:13 UTC 2026 -> Add data lock for nightly all build status data to be written
Wed Jul 22 07:52:10 UTC 2026 -> Add data lock for sanitizer all build status data to be written
Wed Jul 22 08:55:37 UTC 2026 -> Add data lock for reverse_iterator all build status data to be written
Wed Jul 22 09:47:03 UTC 2026 -> Add data lock for sanitizer all build status data to be written
Wed Jul 22 09:49:23 AM UTC 2026 -> Add data lock for zephyr arm build status data to be written
Wed Jul 22 09:49:29 AM UTC 2026 -> Add data lock for zephyr riscv32 build status data to be written
Wed Jul 22 09:50:02 AM UTC 2026 -> Add data lock for zephyr riscv32 build status data to be written
Wed Jul 22 09:50:09 AM UTC 2026 -> Add data lock for zephyr aarch64 build status data to be written
Wed Jul 22 09:50:21 AM UTC 2026 -> Add data lock for zephyr riscv64 build status data to be written
Wed Jul 22 09:56:39 AM UTC 2026 -> Add data lock for zephyr riscv32 build status data to be written
Wed Jul 22 09:56:56 UTC 2026 -> Add data lock for nightly all build status data to be written
Thu Jul 23 02:58:24 UTC 2026 -> Add data lock for musl aarch64 build status data to be written
Thu Jul 23 02:58:37 UTC 2026 -> Add data lock for musl riscv64 build status data to be written
Thu Jul 23 02:58:49 UTC 2026 -> Add data lock for musl x86-64 build status data to be written
Thu Jul 23 02:59:08 UTC 2026 -> Add data lock for musl riscv32 build status data to be written
Thu Jul 23 03:00:22 UTC 2026 -> Add data lock for musl x86-64 build status data to be written
Thu Jul 23 03:00:40 UTC 2026 -> Add data lock for musl arm build status data to be written
Thu Jul 23 03:00:53 UTC 2026 -> Add data lock for musl riscv64 build status data to be written
Thu Jul 23 03:02:07 UTC 2026 -> Add data lock for musl riscv32 build status data to be written
Thu Jul 23 03:02:44 CUT 2026 -> Add data lock for windows_nightly x64 build status data to be written
Thu Jul 23 03:06:05 CUT 2026 -> Add data lock for windows_nightly ARM64 build status data to be written
Thu Jul 23 05:06:35 UTC 2026 -> Add data lock for picolibc riscv64 build status data to be written
Thu Jul 23 05:06:53 UTC 2026 -> Add data lock for picolibc riscv32 build status data to be written
Thu Jul 23 05:07:03 UTC 2026 -> Add data lock for picolibc arm build status data to be written
Thu Jul 23 05:07:11 UTC 2026 -> Add data lock for picolibc hexagon build status data to be written
Thu Jul 23 06:02:26 UTC 2026 -> Add data lock for busybox x86_64 build status data to be written
Thu Jul 23 06:07:54 UTC 2026 -> Add data lock for busybox x86_64 build status data to be written
Thu Jul 23 06:54:00 UTC 2026 -> Add data lock for picolibc riscv32 build status data to be written
Thu Jul 23 06:54:52 CUT 2026 -> Add data lock for windows_nightly ARM64 build status data to be written
Thu Jul 23 07:23:16 UTC 2026 -> Add data lock for picolibc arm build status data to be written
Thu Jul 23 07:29:12 UTC 2026 -> Add data lock for picolibc aarch64 build status data to be written
Thu Jul 23 07:31:07 UTC 2026 -> Add data lock for picolibc riscv64 build status data to be written
Thu Jul 23 07:34:53 CUT 2026 -> Add data lock for windows_nightly x64 build status data to be written
Thu Jul 23 07:35:49 UTC 2026 -> Add data lock for picolibc hexagon build status data to be written
Thu Jul 23 07:49:48 UTC 2026 -> Add data lock for nightly all build status data to be written
Thu Jul 23 07:52:52 UTC 2026 -> Add data lock for sanitizer all build status data to be written
Thu Jul 23 08:56:01 UTC 2026 -> Add data lock for reverse_iterator all build status data to be written
Thu Jul 23 09:44:04 UTC 2026 -> Add data lock for sanitizer all build status data to be written
Thu Jul 23 09:49:05 AM UTC 2026 -> Add data lock for zephyr riscv32 build status data to be written
Thu Jul 23 09:49:13 AM UTC 2026 -> Add data lock for zephyr aarch64 build status data to be written
Thu Jul 23 09:49:21 AM UTC 2026 -> Add data lock for zephyr riscv32 build status data to be written
Thu Jul 23 09:49:25 AM UTC 2026 -> Add data lock for zephyr riscv64 build status data to be written
Thu Jul 23 09:49:39 AM UTC 2026 -> Add data lock for zephyr arm build status data to be written
Thu Jul 23 09:56:44 AM UTC 2026 -> Add data lock for zephyr riscv32 build status data to be written
Thu Jul 23 10:40:04 UTC 2026 -> Add data lock for nightly all build status data to be written
Fri Jul 24 02:58:00 UTC 2026 -> Add data lock for musl x86-64 build status data to be written
Fri Jul 24 02:58:17 UTC 2026 -> Add musl riscv64 build status data in DB
Fri Jul 24 02:58:19 UTC 2026 -> Add data lock for musl aarch64 build status data to be written
Fri Jul 24 02:58:33 UTC 2026 -> Add data lock for musl arm build status data to be written
Fri Jul 24 02:58:36 UTC 2026 -> Add data lock for musl riscv32 build status data to be written
Fri Jul 24 02:59:43 UTC 2026 -> Add data lock for musl x86-64 build status data to be written
Fri Jul 24 03:00:45 UTC 2026 -> Add data lock for musl riscv64 build status data to be written
Fri Jul 24 03:01:09 UTC 2026 -> Add data lock for musl arm build status data to be written
Fri Jul 24 03:02:32 CUT 2026 -> Add data lock for windows_nightly x64 build status data to be written
Fri Jul 24 03:05:36 CUT 2026 -> Add data lock for windows_nightly ARM64 build status data to be written
Fri Jul 24 05:06:21 UTC 2026 -> Add data lock for picolibc hexagon build status data to be written
Fri Jul 24 05:06:35 UTC 2026 -> Add data lock for picolibc aarch64 build status data to be written
Fri Jul 24 05:06:51 UTC 2026 -> Add data lock for picolibc riscv32 build status data to be written
Fri Jul 24 05:06:54 UTC 2026 -> Add data lock for picolibc arm build status data to be written
Fri Jul 24 05:07:05 UTC 2026 -> Add data lock for picolibc riscv64 build status data to be written
Fri Jul 24 05:59:49 UTC 2026 -> Add data lock for busybox x86_64 build status data to be written
Fri Jul 24 06:04:38 UTC 2026 -> Add data lock for busybox x86_64 build status data to be written
Fri Jul 24 07:10:32 UTC 2026 -> Add data lock for picolibc aarch64 build status data to be written
Fri Jul 24 07:15:42 UTC 2026 -> Add data lock for picolibc hexagon build status data to be written
Fri Jul 24 07:30:05 UTC 2026 -> Add data lock for picolibc riscv64 build status data to be written
Fri Jul 24 07:31:47 UTC 2026 -> Add data lock for picolibc arm build status data to be written
Fri Jul 24 07:31:57 UTC 2026 -> Add data lock for picolibc riscv32 build status data to be written
Fri Jul 24 07:49:06 UTC 2026 -> Add data lock for nightly all build status data to be written
Fri Jul 24 07:51:31 UTC 2026 -> Add data lock for sanitizer all build status data to be written
Fri Jul 24 08:53:44 UTC 2026 -> Add data lock for reverse_iterator all build status data to be written
Fri Jul 24 09:24:09 UTC 2026 -> Add data lock for sanitizer all build status data to be written
Fri Jul 24 09:48:09 AM UTC 2026 -> Add data lock for zephyr riscv64 build status data to be written
Fri Jul 24 09:48:24 AM UTC 2026 -> Add data lock for zephyr aarch64 build status data to be written
Fri Jul 24 09:48:46 AM UTC 2026 -> Add data lock for zephyr arm build status data to be written
Fri Jul 24 09:48:54 AM UTC 2026 -> Add data lock for zephyr riscv32 build status data to be written
Fri Jul 24 09:49:12 AM UTC 2026 -> Add zephyr riscv32 build status data in DB
Fri Jul 24 09:56:06 AM UTC 2026 -> Add data lock for zephyr riscv32 build status data to be written
Fri Jul 24 10:54:36 UTC 2026 -> Add data lock for nightly all build status data to be written
Fri Jul 24 12:05:23 UTC 2026 -> Add data lock for reverse_iterator all build status data to be written
Sat Jul 25 02:58:07 UTC 2026 -> Add data lock for musl aarch64 build status data to be written
Sat Jul 25 02:58:24 UTC 2026 -> Add data lock for musl riscv32 build status data to be written
Sat Jul 25 02:58:32 UTC 2026 -> Add musl riscv64 build status data in DB
Sat Jul 25 02:58:38 UTC 2026 -> Add data lock for musl arm build status data to be written
Sat Jul 25 02:58:55 UTC 2026 -> Add data lock for musl x86-64 build status data to be written
Sat Jul 25 03:01:15 UTC 2026 -> Add data lock for musl arm build status data to be written
Sat Jul 25 03:01:45 UTC 2026 -> Add data lock for musl riscv32 build status data to be written
Sat Jul 25 03:02:17 CUT 2026 -> Add data lock for windows_nightly x64 build status data to be written
Sat Jul 25 03:04:35 CUT 2026 -> Add data lock for windows_nightly ARM64 build status data to be written
Sat Jul 25 05:05:17 UTC 2026 -> Add data lock for picolibc arm build status data to be written
Sat Jul 25 05:05:23 UTC 2026 -> Add data lock for picolibc riscv32 build status data to be written
Sat Jul 25 05:05:31 UTC 2026 -> Add data lock for picolibc riscv64 build status data to be written
Sat Jul 25 05:05:36 UTC 2026 -> Add data lock for picolibc aarch64 build status data to be written
Sat Jul 25 05:05:43 UTC 2026 -> Add data lock for picolibc hexagon build status data to be written
Sat Jul 25 05:55:09 UTC 2026 -> Add data lock for busybox arm build status data to be written
Sat Jul 25 05:55:21 UTC 2026 -> Add data lock for busybox riscv32 build status data to be written
Sat Jul 25 05:55:27 UTC 2026 -> Add busybox x86_64 build status data in DB
Sat Jul 25 05:55:34 UTC 2026 -> Add data lock for busybox aarch64 build status data to be written
Sat Jul 25 06:00:30 UTC 2026 -> Add data lock for busybox x86_64 build status data to be written
Sat Jul 25 06:04:11 UTC 2026 -> Add data lock for busybox aarch64 build status data to be written
Sat Jul 25 06:05:37 UTC 2026 -> Add data lock for busybox riscv64 build status data to be written
Sat Jul 25 06:05:53 UTC 2026 -> Add data lock for busybox riscv32 build status data to be written
Sat Jul 25 06:06:24 UTC 2026 -> Add data lock for busybox arm build status data to be written
Sat Jul 25 06:44:54 UTC 2026 -> Add data lock for picolibc hexagon build status data to be written
Sat Jul 25 07:12:58 UTC 2026 -> Add data lock for picolibc aarch64 build status data to be written
Sat Jul 25 07:14:51 UTC 2026 -> Add data lock for picolibc riscv32 build status data to be written
Sat Jul 25 07:28:06 UTC 2026 -> Add data lock for picolibc arm build status data to be written
Sat Jul 25 07:29:48 UTC 2026 -> Add data lock for picolibc riscv64 build status data to be written
Sat Jul 25 07:43:17 UTC 2026 -> Add data lock for sanitizer all build status data to be written
Sat Jul 25 08:43:14 UTC 2026 -> Add data lock for reverse_iterator all build status data to be written
Sat Jul 25 09:30:00 UTC 2026 -> Add data lock for sanitizer all build status data to be written
Sat Jul 25 09:33:36 AM UTC 2026 -> Add data lock for zephyr riscv64 build status data to be written
Sat Jul 25 09:33:41 AM UTC 2026 -> Add data lock for zephyr aarch64 build status data to be written
Sat Jul 25 09:33:47 AM UTC 2026 -> Add data lock for zephyr riscv32 build status data to be written
Sat Jul 25 09:34:10 AM UTC 2026 -> Add data lock for zephyr arm build status data to be written
Sat Jul 25 09:40:22 AM UTC 2026 -> Add data lock for zephyr riscv32 build status data to be written
Sun Jul 26 02:58:28 UTC 2026 -> Add data lock for musl riscv32 build status data to be written
Sun Jul 26 02:58:43 UTC 2026 -> Add data lock for musl aarch64 build status data to be written
Sun Jul 26 02:58:57 UTC 2026 -> Add data lock for musl x86-64 build status data to be written
Sun Jul 26 02:59:01 UTC 2026 -> Add data lock for musl riscv64 build status data to be written
Sun Jul 26 03:00:56 UTC 2026 -> Add data lock for musl riscv32 build status data to be written
Sun Jul 26 03:01:26 UTC 2026 -> Add data lock for musl x86-64 build status data to be written
Sun Jul 26 03:02:47 CUT 2026 -> Add data lock for windows_nightly x64 build status data to be written
Sun Jul 26 03:05:26 CUT 2026 -> Add data lock for windows_nightly ARM64 build status data to be written
Sun Jul 26 05:10:06 UTC 2026 -> Add data lock for picolibc hexagon build status data to be written
Sun Jul 26 05:10:11 UTC 2026 -> Add data lock for picolibc riscv32 build status data to be written
Sun Jul 26 05:10:23 UTC 2026 -> Add data lock for picolibc arm build status data to be written
Sun Jul 26 05:10:41 UTC 2026 -> Add data lock for picolibc aarch64 build status data to be written
Sun Jul 26 06:03:00 UTC 2026 -> Add data lock for busybox x86_64 build status data to be written
Sun Jul 26 06:03:17 UTC 2026 -> Add data lock for busybox aarch64 build status data to be written
Sun Jul 26 06:03:30 UTC 2026 -> Add data lock for busybox riscv32 build status data to be written
Sun Jul 26 06:03:47 UTC 2026 -> Add busybox arm build status data in DB
Sun Jul 26 06:04:04 UTC 2026 -> Add busybox riscv64 build status data in DB
Sun Jul 26 06:08:05 UTC 2026 -> Add data lock for busybox x86_64 build status data to be written
Sun Jul 26 06:13:24 UTC 2026 -> Add data lock for busybox aarch64 build status data to be written
Sun Jul 26 06:14:30 UTC 2026 -> Add data lock for busybox riscv32 build status data to be written
Sun Jul 26 06:14:43 UTC 2026 -> Add data lock for busybox riscv64 build status data to be written
Sun Jul 26 06:16:12 UTC 2026 -> Add data lock for busybox arm build status data to be written
Sun Jul 26 06:40:38 UTC 2026 -> Add data lock for picolibc arm build status data to be written
Sun Jul 26 06:43:52 UTC 2026 -> Add data lock for picolibc aarch64 build status data to be written
Sun Jul 26 06:49:28 UTC 2026 -> Add data lock for picolibc riscv64 build status data to be written
Sun Jul 26 07:31:13 UTC 2026 -> Add data lock for picolibc riscv32 build status data to be written
Sun Jul 26 07:39:25 UTC 2026 -> Add data lock for picolibc hexagon build status data to be written
Sun Jul 26 07:52:31 UTC 2026 -> Add data lock for sanitizer all build status data to be written
Sun Jul 26 08:50:37 UTC 2026 -> Add data lock for reverse_iterator all build status data to be written
Sun Jul 26 09:07:56 UTC 2026 -> Add data lock for sanitizer all build status data to be written
Sun Jul 26 09:41:47 AM UTC 2026 -> Add data lock for zephyr riscv32 build status data to be written
Sun Jul 26 09:42:06 AM UTC 2026 -> Add data lock for zephyr arm build status data to be written
Sun Jul 26 09:42:13 AM UTC 2026 -> Add data lock for zephyr aarch64 build status data to be written
Sun Jul 26 12:11:14 UTC 2026 -> Add data lock for reverse_iterator all build status data to be written
Mon Jul 27 02:58:58 UTC 2026 -> Add data lock for musl arm build status data to be written
Mon Jul 27 02:59:11 UTC 2026 -> Add data lock for musl aarch64 build status data to be written
Mon Jul 27 02:59:16 UTC 2026 -> Add musl riscv32 build status data in DB
Mon Jul 27 02:59:24 UTC 2026 -> Add data lock for musl x86-64 build status data to be written
Mon Jul 27 03:03:56 CUT 2026 -> Add data lock for windows_nightly x64 build status data to be written
Mon Jul 27 03:07:56 CUT 2026 -> Add data lock for windows_nightly ARM64 build status data to be written
Mon Jul 27 05:19:39 UTC 2026 -> Add data lock for picolibc hexagon build status data to be written
Mon Jul 27 05:19:50 UTC 2026 -> Add data lock for picolibc arm build status data to be written
Mon Jul 27 05:20:04 UTC 2026 -> Add data lock for picolibc riscv32 build status data to be written
Mon Jul 27 06:11:00 UTC 2026 -> Add data lock for busybox riscv64 build status data to be written
Mon Jul 27 06:11:18 UTC 2026 -> Add data lock for busybox arm build status data to be written
Mon Jul 27 06:11:30 UTC 2026 -> Add data lock for busybox riscv32 build status data to be written
Mon Jul 27 06:11:35 UTC 2026 -> Add data lock for busybox aarch64 build status data to be written
Mon Jul 27 06:11:53 UTC 2026 -> Add data lock for busybox x86_64 build status data to be written
Mon Jul 27 07:31:29 UTC 2026 -> Add data lock for picolibc hexagon build status data to be written
Mon Jul 27 07:31:43 UTC 2026 -> Add data lock for picolibc riscv64 build status data to be written
Mon Jul 27 07:44:02 UTC 2026 -> Add data lock for picolibc riscv32 build status data to be written
Mon Jul 27 07:45:39 UTC 2026 -> Add data lock for picolibc aarch64 build status data to be written
Mon Jul 27 07:49:32 UTC 2026 -> Add data lock for picolibc arm build status data to be written
Mon Jul 27 08:14:18 UTC 2026 -> Add data lock for sanitizer all build status data to be written
Mon Jul 27 09:09:49 UTC 2026 -> Add data lock for reverse_iterator all build status data to be written
Mon Jul 27 10:19:30 AM UTC 2026 -> Add data lock for zephyr riscv32 build status data to be written
Mon Jul 27 10:19:47 AM UTC 2026 -> Add zephyr riscv32 build status data in DB
Mon Jul 27 10:19:54 AM UTC 2026 -> Add data lock for zephyr arm build status data to be written
Mon Jul 27 10:20:06 AM UTC 2026 -> Add data lock for zephyr aarch64 build status data to be written
Mon Jul 27 10:20:14 AM UTC 2026 -> Add data lock for zephyr riscv64 build status data to be written
Mon Jul 27 12:46:08 UTC 2026 -> Add data lock for reverse_iterator all build status data to be written
Tue Jul 28 02:57:32 UTC 2026 -> Add data lock for musl arm build status data to be written
Tue Jul 28 02:57:37 UTC 2026 -> Add data lock for musl riscv64 build status data to be written
Tue Jul 28 02:57:50 UTC 2026 -> Add data lock for musl riscv32 build status data to be written
Tue Jul 28 02:57:54 UTC 2026 -> Add data lock for musl x86-64 build status data to be written
Tue Jul 28 02:58:07 UTC 2026 -> Add data lock for musl aarch64 build status data to be written
Tue Jul 28 02:59:19 UTC 2026 -> Add data lock for musl x86-64 build status data to be written
Tue Jul 28 02:59:32 UTC 2026 -> Add data lock for musl riscv64 build status data to be written
Tue Jul 28 02:59:52 UTC 2026 -> Add data lock for musl arm build status data to be written
Tue Jul 28 03:00:10 UTC 2026 -> Add data lock for musl riscv32 build status data to be written
Tue Jul 28 03:02:11 CUT 2026 -> Add data lock for windows_nightly x64 build status data to be written
Tue Jul 28 03:05:47 CUT 2026 -> Add data lock for windows_nightly ARM64 build status data to be written
Tue Jul 28 05:05:33 UTC 2026 -> Add data lock for picolibc riscv64 build status data to be written
Tue Jul 28 05:05:48 UTC 2026 -> Add data lock for picolibc hexagon build status data to be written
Tue Jul 28 05:05:52 UTC 2026 -> Add data lock for picolibc arm build status data to be written
Tue Jul 28 05:06:05 UTC 2026 -> Add data lock for picolibc aarch64 build status data to be written
Tue Jul 28 05:06:22 UTC 2026 -> Add data lock for picolibc riscv32 build status data to be written
Tue Jul 28 05:59:22 UTC 2026 -> Add data lock for busybox x86_64 build status data to be written
Tue Jul 28 05:59:28 UTC 2026 -> Add data lock for busybox aarch64 build status data to be written
Tue Jul 28 05:59:36 UTC 2026 -> Add data lock for busybox riscv64 build status data to be written
Tue Jul 28 05:59:39 UTC 2026 -> Add busybox riscv32 build status data in DB
Tue Jul 28 06:03:32 UTC 2026 -> Add data lock for busybox x86_64 build status data to be written
Tue Jul 28 06:09:31 UTC 2026 -> Add data lock for busybox aarch64 build status data to be written
Tue Jul 28 06:10:01 UTC 2026 -> Add data lock for busybox riscv32 build status data to be written
Tue Jul 28 06:10:58 UTC 2026 -> Add data lock for busybox riscv64 build status data to be written
Tue Jul 28 06:12:01 UTC 2026 -> Add data lock for busybox arm build status data to be written
Tue Jul 28 07:09:07 UTC 2026 -> Add data lock for picolibc riscv64 build status data to be written
Tue Jul 28 07:09:54 UTC 2026 -> Add data lock for picolibc arm build status data to be written
Tue Jul 28 07:13:51 UTC 2026 -> Add data lock for picolibc riscv32 build status data to be written
Tue Jul 28 07:15:39 UTC 2026 -> Add data lock for picolibc hexagon build status data to be written
Tue Jul 28 07:29:07 UTC 2026 -> Add data lock for picolibc aarch64 build status data to be written
Tue Jul 28 07:52:44 UTC 2026 -> Add data lock for nightly all build status data to be written
Tue Jul 28 07:55:48 UTC 2026 -> Add data lock for sanitizer all build status data to be written
Tue Jul 28 08:51:05 UTC 2026 -> Add data lock for sanitizer all build status data to be written
Tue Jul 28 08:58:32 UTC 2026 -> Add data lock for reverse_iterator all build status data to be written
Tue Jul 28 09:53:59 AM UTC 2026 -> Add data lock for zephyr arm build status data to be written
Tue Jul 28 09:54:05 AM UTC 2026 -> Add data lock for zephyr riscv32 build status data to be written
Tue Jul 28 09:54:15 AM UTC 2026 -> Add data lock for zephyr aarch64 build status data to be written
Tue Jul 28 09:54:26 AM UTC 2026 -> Add data lock for zephyr riscv64 build status data to be written
Tue Jul 28 09:54:41 AM UTC 2026 -> Add data lock for zephyr riscv32 build status data to be written
Tue Jul 28 10:48:14 UTC 2026 -> Add data lock for nightly all build status data to be written
Tue Jul 28 12:40:27 UTC 2026 -> Add data lock for reverse_iterator all build status data to be written
Wed Jul 29 02:57:53 UTC 2026 -> Add data lock for musl riscv64 build status data to be written
Wed Jul 29 02:58:08 UTC 2026 -> Add data lock for musl riscv32 build status data to be written
Wed Jul 29 02:58:20 UTC 2026 -> Add data lock for musl x86-64 build status data to be written
Wed Jul 29 02:58:24 UTC 2026 -> Add data lock for musl arm build status data to be written
Wed Jul 29 02:59:53 UTC 2026 -> Add data lock for musl x86-64 build status data to be written
Wed Jul 29 03:00:05 UTC 2026 -> Add data lock for musl riscv64 build status data to be written
Wed Jul 29 03:00:16 UTC 2026 -> Add data lock for musl riscv32 build status data to be written
Wed Jul 29 03:00:29 UTC 2026 -> Add data lock for musl arm build status data to be written
Wed Jul 29 03:02:17 CUT 2026 -> Add data lock for windows_nightly x64 build status data to be written
Wed Jul 29 03:06:09 CUT 2026 -> Add data lock for windows_nightly ARM64 build status data to be written
Wed Jul 29 05:06:32 UTC 2026 -> Add data lock for picolibc aarch64 build status data to be written
Wed Jul 29 05:06:44 UTC 2026 -> Add data lock for picolibc riscv64 build status data to be written
Wed Jul 29 05:06:50 UTC 2026 -> Add data lock for picolibc riscv32 build status data to be written
Wed Jul 29 05:07:01 UTC 2026 -> Add data lock for picolibc hexagon build status data to be written
Wed Jul 29 05:07:15 UTC 2026 -> Add data lock for picolibc arm build status data to be written
Wed Jul 29 06:01:44 UTC 2026 -> Add data lock for busybox riscv64 build status data to be written
Wed Jul 29 06:01:58 UTC 2026 -> Add data lock for busybox arm build status data to be written
Wed Jul 29 06:02:01 UTC 2026 -> Add busybox riscv32 build status data in DB
Wed Jul 29 06:02:11 UTC 2026 -> Add data lock for busybox aarch64 build status data to be written
Wed Jul 29 06:02:14 UTC 2026 -> Add data lock for busybox x86_64 build status data to be written
Wed Jul 29 06:07:12 UTC 2026 -> Add data lock for busybox x86_64 build status data to be written
Wed Jul 29 06:10:55 UTC 2026 -> Add data lock for busybox riscv32 build status data to be written
Wed Jul 29 06:11:31 UTC 2026 -> Add data lock for busybox aarch64 build status data to be written
Wed Jul 29 06:12:58 UTC 2026 -> Add data lock for busybox riscv64 build status data to be written
Wed Jul 29 06:13:54 UTC 2026 -> Add data lock for busybox arm build status data to be written
Wed Jul 29 06:39:16 UTC 2026 -> Add data lock for picolibc riscv32 build status data to be written
Wed Jul 29 07:29:52 UTC 2026 -> Add data lock for picolibc aarch64 build status data to be written
Wed Jul 29 07:29:57 UTC 2026 -> Add data lock for picolibc riscv64 build status data to be written
Wed Jul 29 07:30:17 UTC 2026 -> Add data lock for picolibc arm build status data to be written
Wed Jul 29 07:37:18 UTC 2026 -> Add data lock for picolibc hexagon build status data to be written
Wed Jul 29 07:56:04 UTC 2026 -> Add data lock for nightly all build status data to be written
Wed Jul 29 07:59:08 UTC 2026 -> Add data lock for sanitizer all build status data to be written
Wed Jul 29 09:00:28 UTC 2026 -> Add data lock for reverse_iterator all build status data to be written
Wed Jul 29 09:49:43 UTC 2026 -> Add data lock for sanitizer all build status data to be written
Wed Jul 29 09:54:48 AM UTC 2026 -> Add data lock for zephyr riscv32 build status data to be written
Wed Jul 29 09:55:03 AM UTC 2026 -> Add data lock for zephyr riscv32 build status data to be written
Wed Jul 29 09:55:17 AM UTC 2026 -> Add data lock for zephyr aarch64 build status data to be written
Wed Jul 29 09:55:39 AM UTC 2026 -> Add data lock for zephyr arm build status data to be written
Wed Jul 29 09:58:26 AM UTC 2026 -> Add data lock for zephyr riscv32 build status data to be written
Wed Jul 29 10:55:57 UTC 2026 -> Add data lock for nightly all build status data to be written
Wed Jul 29 12:23:01 UTC 2026 -> Add data lock for reverse_iterator all build status data to be written
Thu Jul 30 02:57:36 UTC 2026 -> Add data lock for musl x86-64 build status data to be written
Thu Jul 30 02:57:50 UTC 2026 -> Add data lock for musl riscv64 build status data to be written
Thu Jul 30 02:57:53 UTC 2026 -> Add data lock for musl riscv32 build status data to be written
Thu Jul 30 02:58:11 UTC 2026 -> Add data lock for musl arm build status data to be written
Thu Jul 30 02:59:23 UTC 2026 -> Add data lock for musl x86-64 build status data to be written
Thu Jul 30 02:59:52 UTC 2026 -> Add data lock for musl riscv64 build status data to be written
Thu Jul 30 03:00:15 UTC 2026 -> Add data lock for musl riscv32 build status data to be written
Thu Jul 30 03:00:33 UTC 2026 -> Add data lock for musl arm build status data to be written
Thu Jul 30 03:02:21 CUT 2026 -> Add data lock for windows_nightly x64 build status data to be written
Thu Jul 30 03:06:27 CUT 2026 -> Add data lock for windows_nightly ARM64 build status data to be written
Thu Jul 30 05:04:42 UTC 2026 -> Add data lock for picolibc arm build status data to be written
Thu Jul 30 05:04:55 UTC 2026 -> Add data lock for picolibc hexagon build status data to be written
Thu Jul 30 05:05:10 UTC 2026 -> Add data lock for picolibc aarch64 build status data to be written
Thu Jul 30 05:05:16 UTC 2026 -> Add data lock for picolibc riscv64 build status data to be written
Thu Jul 30 05:56:28 UTC 2026 -> Add data lock for busybox aarch64 build status data to be written
Thu Jul 30 05:56:42 UTC 2026 -> Add data lock for busybox x86_64 build status data to be written
Thu Jul 30 05:56:47 UTC 2026 -> Add data lock for busybox arm build status data to be written
Thu Jul 30 05:57:01 UTC 2026 -> Add data lock for busybox riscv32 build status data to be written
Thu Jul 30 06:01:34 UTC 2026 -> Add data lock for busybox x86_64 build status data to be written
Thu Jul 30 06:05:05 UTC 2026 -> Add data lock for busybox riscv64 build status data to be written
Thu Jul 30 06:07:16 UTC 2026 -> Add data lock for busybox riscv32 build status data to be written
Thu Jul 30 06:07:46 UTC 2026 -> Add data lock for busybox aarch64 build status data to be written
Thu Jul 30 06:09:02 UTC 2026 -> Add data lock for busybox arm build status data to be written
Thu Jul 30 06:21:36 UTC 2026 -> Add data lock for picolibc riscv64 build status data to be written
Thu Jul 30 07:23:21 UTC 2026 -> Add data lock for picolibc riscv32 build status data to be written
Thu Jul 30 07:23:37 UTC 2026 -> Add data lock for picolibc arm build status data to be written
Thu Jul 30 07:30:27 UTC 2026 -> Add data lock for picolibc aarch64 build status data to be written
Thu Jul 30 07:32:49 UTC 2026 -> Add data lock for picolibc hexagon build status data to be written
Thu Jul 30 07:49:29 UTC 2026 -> Add data lock for nightly all build status data to be written
Thu Jul 30 07:52:32 UTC 2026 -> Add data lock for sanitizer all build status data to be written
Thu Jul 30 08:58:04 UTC 2026 -> Add data lock for reverse_iterator all build status data to be written
Thu Jul 30 09:20:05 UTC 2026 -> Add data lock for sanitizer all build status data to be written
Thu Jul 30 09:51:12 AM UTC 2026 -> Add data lock for zephyr riscv64 build status data to be written
Thu Jul 30 09:51:29 AM UTC 2026 -> Add data lock for zephyr aarch64 build status data to be written
Thu Jul 30 09:51:48 AM UTC 2026 -> Add data lock for zephyr arm build status data to be written
Thu Jul 30 09:52:04 AM UTC 2026 -> Add data lock for zephyr riscv32 build status data to be written
Thu Jul 30 09:56:03 AM UTC 2026 -> Add data lock for zephyr riscv32 build status data to be written
Thu Jul 30 10:58:01 UTC 2026 -> Add data lock for nightly all build status data to be written
Thu Jul 30 12:38:08 UTC 2026 -> Add data lock for reverse_iterator all build status data to be written
Fri Jul 31 02:58:31 UTC 2026 -> Add data lock for musl arm build status data to be written
Fri Jul 31 02:58:39 UTC 2026 -> Add data lock for musl x86-64 build status data to be written
Fri Jul 31 02:58:47 UTC 2026 -> Add data lock for musl aarch64 build status data to be written
Fri Jul 31 02:59:00 UTC 2026 -> Add data lock for musl riscv32 build status data to be written
Fri Jul 31 03:00:20 UTC 2026 -> Add data lock for musl x86-64 build status data to be written
Fri Jul 31 03:00:30 UTC 2026 -> Add data lock for musl riscv64 build status data to be written
Fri Jul 31 03:00:50 UTC 2026 -> Add data lock for musl arm build status data to be written
Fri Jul 31 03:00:57 UTC 2026 -> Add data lock for musl riscv32 build status data to be written
Fri Jul 31 03:02:54 CUT 2026 -> Add data lock for windows_nightly x64 build status data to be written
Fri Jul 31 03:05:49 CUT 2026 -> Add data lock for windows_nightly ARM64 build status data to be written
Fri Jul 31 05:12:09 UTC 2026 -> Add data lock for picolibc arm build status data to be written
Fri Jul 31 05:12:45 UTC 2026 -> Add data lock for picolibc riscv32 build status data to be written
Fri Jul 31 05:12:53 UTC 2026 -> Add data lock for picolibc aarch64 build status data to be written
Fri Jul 31 05:13:04 UTC 2026 -> Add data lock for picolibc hexagon build status data to be written
Fri Jul 31 05:13:11 UTC 2026 -> Add data lock for picolibc riscv64 build status data to be written
Fri Jul 31 06:04:09 UTC 2026 -> Add data lock for busybox x86_64 build status data to be written
Fri Jul 31 06:04:25 UTC 2026 -> Add data lock for busybox riscv64 build status data to be written
Fri Jul 31 06:04:29 UTC 2026 -> Add data lock for busybox aarch64 build status data to be written
Fri Jul 31 06:04:43 UTC 2026 -> Add data lock for busybox arm build status data to be written
Fri Jul 31 06:08:42 UTC 2026 -> Add data lock for busybox x86_64 build status data to be written
Fri Jul 31 06:12:49 UTC 2026 -> Add data lock for busybox aarch64 build status data to be written
Fri Jul 31 06:14:27 UTC 2026 -> Add data lock for busybox riscv32 build status data to be written
Fri Jul 31 06:15:21 UTC 2026 -> Add data lock for busybox riscv64 build status data to be written
Fri Jul 31 06:17:25 UTC 2026 -> Add data lock for busybox arm build status data to be written
Fri Jul 31 07:14:47 UTC 2026 -> Add data lock for picolibc arm build status data to be written
Fri Jul 31 07:21:15 UTC 2026 -> Add data lock for picolibc aarch64 build status data to be written
Fri Jul 31 07:37:04 UTC 2026 -> Add data lock for picolibc riscv64 build status data to be written
Fri Jul 31 07:38:50 UTC 2026 -> Add data lock for picolibc riscv32 build status data to be written
Fri Jul 31 08:00:52 UTC 2026 -> Add data lock for nightly all build status data to be written
Fri Jul 31 08:03:18 UTC 2026 -> Add data lock for sanitizer all build status data to be written
Fri Jul 31 09:04:47 UTC 2026 -> Add data lock for reverse_iterator all build status data to be written
Fri Jul 31 09:37:11 UTC 2026 -> Add data lock for sanitizer all build status data to be written
Fri Jul 31 09:54:54 AM UTC 2026 -> Add data lock for zephyr riscv32 build status data to be written
Fri Jul 31 09:55:06 AM UTC 2026 -> Add data lock for zephyr riscv64 build status data to be written
Fri Jul 31 09:55:19 AM UTC 2026 -> Add data lock for zephyr riscv32 build status data to be written
Fri Jul 31 09:55:38 AM UTC 2026 -> Add data lock for zephyr arm build status data to be written
Fri Jul 31 09:59:58 AM UTC 2026 -> Add data lock for zephyr riscv32 build status data to be written
Fri Jul 31 10:24:50 UTC 2026 -> Add data lock for nightly all build status data to be written
Fri Jul 31 11:08:03 UTC 2026 -> Add data lock for reverse_iterator all build status data to be written
Sat Aug  1 02:58:32 UTC 2026 -> Add data lock for musl x86-64 build status data to be written
Sat Aug  1 02:58:37 UTC 2026 -> Add data lock for musl riscv32 build status data to be written
Sat Aug  1 02:58:49 UTC 2026 -> Add data lock for musl arm build status data to be written
Sat Aug  1 02:58:56 UTC 2026 -> Add musl riscv64 build status data in DB
Sat Aug  1 02:59:06 UTC 2026 -> Add data lock for musl aarch64 build status data to be written
Sat Aug  1 03:00:11 UTC 2026 -> Add data lock for musl x86-64 build status data to be written
Sat Aug  1 03:00:34 UTC 2026 -> Add data lock for musl riscv32 build status data to be written
Sat Aug  1 03:00:56 UTC 2026 -> Add data lock for musl arm build status data to be written
Sat Aug  1 03:03:05 CUT 2026 -> Add data lock for windows_nightly x64 build status data to be written
Sat Aug  1 03:05:10 CUT 2026 -> Add data lock for windows_nightly ARM64 build status data to be written
Sat Aug  1 05:07:22 UTC 2026 -> Add data lock for picolibc hexagon build status data to be written
Sat Aug  1 05:07:36 UTC 2026 -> Add data lock for picolibc riscv64 build status data to be written
Sat Aug  1 05:07:40 UTC 2026 -> Add data lock for picolibc aarch64 build status data to be written
Sat Aug  1 05:07:50 UTC 2026 -> Add data lock for picolibc riscv32 build status data to be written
Sat Aug  1 05:07:55 UTC 2026 -> Add data lock for picolibc arm build status data to be written
Sat Aug  1 06:01:59 UTC 2026 -> Add data lock for busybox riscv32 build status data to be written
Sat Aug  1 06:02:13 UTC 2026 -> Add busybox x86_64 build status data in DB
Sat Aug  1 06:02:16 UTC 2026 -> Add data lock for busybox arm build status data to be written
Sat Aug  1 06:02:30 UTC 2026 -> Add data lock for busybox aarch64 build status data to be written
Sat Aug  1 06:06:51 UTC 2026 -> Add data lock for busybox x86_64 build status data to be written
Sat Aug  1 06:11:55 UTC 2026 -> Add data lock for busybox aarch64 build status data to be written
Sat Aug  1 06:12:00 UTC 2026 -> Add data lock for busybox arm build status data to be written
Sat Aug  1 06:12:39 UTC 2026 -> Add data lock for busybox riscv64 build status data to be written
Sat Aug  1 06:13:01 UTC 2026 -> Add data lock for busybox riscv32 build status data to be written
Sat Aug  1 06:36:53 UTC 2026 -> Add data lock for picolibc riscv64 build status data to be written
Sat Aug  1 07:29:33 UTC 2026 -> Add data lock for picolibc arm build status data to be written
Sat Aug  1 07:30:57 UTC 2026 -> Add data lock for picolibc aarch64 build status data to be written
Sat Aug  1 07:33:10 UTC 2026 -> Add data lock for picolibc riscv32 build status data to be written
Sat Aug  1 07:45:45 UTC 2026 -> Add data lock for nightly all build status data to be written
Sat Aug  1 07:48:34 UTC 2026 -> Add data lock for sanitizer all build status data to be written
Sat Aug  1 08:49:41 UTC 2026 -> Add data lock for reverse_iterator all build status data to be written
Sat Aug  1 09:31:42 UTC 2026 -> Add data lock for sanitizer all build status data to be written
Sat Aug  1 09:39:19 AM UTC 2026 -> Add data lock for zephyr arm build status data to be written
Sat Aug  1 09:39:37 AM UTC 2026 -> Add data lock for zephyr aarch64 build status data to be written
Sat Aug  1 09:39:52 AM UTC 2026 -> Add data lock for zephyr riscv32 build status data to be written
Sat Aug  1 09:40:10 AM UTC 2026 -> Add zephyr riscv32 build status data in DB
Sat Aug  1 09:44:19 AM UTC 2026 -> Add data lock for zephyr riscv32 build status data to be written
Sat Aug  1 10:59:50 UTC 2026 -> Add data lock for nightly all build status data to be written
Sat Aug  1 11:41:03 UTC 2026 -> Add data lock for reverse_iterator all build status data to be written
Sun Aug  2 02:58:26 UTC 2026 -> Add data lock for musl x86-64 build status data to be written
Sun Aug  2 02:58:40 UTC 2026 -> Add data lock for musl riscv32 build status data to be written
Sun Aug  2 02:58:53 UTC 2026 -> Add data lock for musl arm build status data to be written
Sun Aug  2 02:58:58 UTC 2026 -> Add data lock for musl aarch64 build status data to be written
Sun Aug  2 03:00:50 UTC 2026 -> Add data lock for musl riscv64 build status data to be written
Sun Aug  2 03:01:25 UTC 2026 -> Add data lock for musl riscv32 build status data to be written
Sun Aug  2 03:02:43 CUT 2026 -> Add data lock for windows_nightly x64 build status data to be written
Sun Aug  2 03:05:37 CUT 2026 -> Add data lock for windows_nightly ARM64 build status data to be written
Sun Aug  2 05:07:00 UTC 2026 -> Add data lock for picolibc aarch64 build status data to be written
Sun Aug  2 05:07:10 UTC 2026 -> Add data lock for picolibc riscv64 build status data to be written
Sun Aug  2 05:07:27 UTC 2026 -> Add data lock for picolibc riscv32 build status data to be written
Sun Aug  2 05:07:35 UTC 2026 -> Add data lock for picolibc hexagon build status data to be written
Sun Aug  2 05:07:54 UTC 2026 -> Add data lock for picolibc arm build status data to be written
Sun Aug  2 06:02:35 UTC 2026 -> Add data lock for busybox riscv32 build status data to be written
Sun Aug  2 06:02:46 UTC 2026 -> Add data lock for busybox riscv64 build status data to be written
Sun Aug  2 06:02:49 UTC 2026 -> Add data lock for busybox aarch64 build status data to be written
Sun Aug  2 06:03:04 UTC 2026 -> Add data lock for busybox x86_64 build status data to be written
Sun Aug  2 06:08:10 UTC 2026 -> Add data lock for busybox x86_64 build status data to be written
Sun Aug  2 06:10:44 UTC 2026 -> Add data lock for busybox riscv32 build status data to be written
Sun Aug  2 06:12:52 UTC 2026 -> Add data lock for busybox aarch64 build status data to be written
Sun Aug  2 06:13:39 UTC 2026 -> Add data lock for busybox riscv64 build status data to be written
Sun Aug  2 06:15:08 UTC 2026 -> Add data lock for busybox arm build status data to be written
Sun Aug  2 06:24:56 UTC 2026 -> Add data lock for picolibc arm build status data to be written
Sun Aug  2 07:26:47 UTC 2026 -> Add data lock for picolibc aarch64 build status data to be written
Sun Aug  2 07:27:21 UTC 2026 -> Add data lock for picolibc riscv64 build status data to be written
Sun Aug  2 07:30:48 UTC 2026 -> Add data lock for picolibc riscv32 build status data to be written
Sun Aug  2 07:47:09 UTC 2026 -> Add data lock for nightly all build status data to be written
Sun Aug  2 07:49:23 UTC 2026 -> Add data lock for sanitizer all build status data to be written
Sun Aug  2 08:47:58 UTC 2026 -> Add data lock for sanitizer all build status data to be written
Sun Aug  2 08:50:16 UTC 2026 -> Add data lock for reverse_iterator all build status data to be written
Sun Aug  2 09:34:35 UTC 2026 -> Add data lock for nightly all build status data to be written
Sun Aug  2 09:40:34 AM UTC 2026 -> Add data lock for zephyr riscv32 build status data to be written
Sun Aug  2 09:40:51 AM UTC 2026 -> Add zephyr riscv64 build status data in DB
Sun Aug  2 09:41:12 AM UTC 2026 -> Add data lock for zephyr riscv32 build status data to be written
Sun Aug  2 09:41:27 AM UTC 2026 -> Add data lock for zephyr arm build status data to be written
Sun Aug  2 09:41:41 AM UTC 2026 -> Add data lock for zephyr aarch64 build status data to be written
Sun Aug  2 09:43:58 AM UTC 2026 -> Add data lock for zephyr riscv32 build status data to be written
Sun Aug  2 12:27:24 UTC 2026 -> Add data lock for reverse_iterator all build status data to be written
Mon Aug  3 02:58:32 UTC 2026 -> Add data lock for musl x86-64 build status data to be written
Mon Aug  3 02:58:38 UTC 2026 -> Add data lock for musl riscv64 build status data to be written
Mon Aug  3 02:58:48 UTC 2026 -> Add data lock for musl riscv32 build status data to be written
Mon Aug  3 02:59:06 UTC 2026 -> Add data lock for musl arm build status data to be written
Mon Aug  3 03:01:13 UTC 2026 -> Add data lock for musl x86-64 build status data to be written
Mon Aug  3 03:01:40 UTC 2026 -> Add data lock for musl riscv64 build status data to be written
Mon Aug  3 03:01:57 UTC 2026 -> Add data lock for musl riscv32 build status data to be written
Mon Aug  3 03:03:08 CUT 2026 -> Add data lock for windows_nightly x64 build status data to be written
Mon Aug  3 03:05:58 CUT 2026 -> Add data lock for windows_nightly ARM64 build status data to be written
Mon Aug  3 05:15:46 UTC 2026 -> Add data lock for picolibc riscv64 build status data to be written
Mon Aug  3 05:15:54 UTC 2026 -> Add data lock for picolibc arm build status data to be written
Mon Aug  3 05:16:02 UTC 2026 -> Add data lock for picolibc hexagon build status data to be written
Mon Aug  3 05:16:10 UTC 2026 -> Add data lock for picolibc riscv32 build status data to be written
Mon Aug  3 05:16:19 UTC 2026 -> Add picolibc aarch64 build status data in DB
Mon Aug  3 06:05:38 UTC 2026 -> Add data lock for busybox riscv64 build status data to be written
Mon Aug  3 06:05:44 UTC 2026 -> Add data lock for busybox arm build status data to be written
Mon Aug  3 06:06:03 UTC 2026 -> Add data lock for busybox x86_64 build status data to be written
Mon Aug  3 06:13:19 UTC 2026 -> Add data lock for busybox x86_64 build status data to be written
Mon Aug  3 06:15:18 UTC 2026 -> Add data lock for busybox riscv64 build status data to be written
Mon Aug  3 06:15:58 UTC 2026 -> Add data lock for busybox riscv32 build status data to be written
Mon Aug  3 06:16:09 UTC 2026 -> Add data lock for busybox aarch64 build status data to be written
Mon Aug  3 06:17:53 UTC 2026 -> Add data lock for busybox arm build status data to be written
Mon Aug  3 07:20:14 UTC 2026 -> Add data lock for picolibc riscv64 build status data to be written
Mon Aug  3 07:20:46 UTC 2026 -> Add data lock for picolibc arm build status data to be written
Mon Aug  3 07:36:31 UTC 2026 -> Add data lock for picolibc aarch64 build status data to be written
Mon Aug  3 07:43:58 UTC 2026 -> Add data lock for picolibc riscv32 build status data to be written
Mon Aug  3 08:10:58 UTC 2026 -> Add data lock for nightly all build status data to be written
Mon Aug  3 08:13:12 UTC 2026 -> Add data lock for sanitizer all build status data to be written
Mon Aug  3 09:10:15 UTC 2026 -> Add data lock for reverse_iterator all build status data to be written
Mon Aug  3 09:13:53 UTC 2026 -> Add data lock for sanitizer all build status data to be written
Mon Aug  3 10:18:34 AM UTC 2026 -> Add data lock for zephyr riscv32 build status data to be written
Mon Aug  3 10:18:49 AM UTC 2026 -> Add data lock for zephyr riscv32 build status data to be written
Mon Aug  3 10:18:52 AM UTC 2026 -> Add data lock for zephyr riscv64 build status data to be written
Mon Aug  3 10:19:06 AM UTC 2026 -> Add data lock for zephyr aarch64 build status data to be written
Mon Aug  3 10:19:13 AM UTC 2026 -> Add data lock for zephyr arm build status data to be written
Mon Aug  3 10:22:22 AM UTC 2026 -> Add data lock for zephyr riscv32 build status data to be written
Mon Aug  3 10:26:26 UTC 2026 -> Add data lock for nightly all build status data to be written
Mon Aug  3 12:52:57 UTC 2026 -> Add data lock for reverse_iterator all build status data to be written
Tue Aug  4 02:58:09 UTC 2026 -> Add data lock for musl x86-64 build status data to be written
Tue Aug  4 02:58:15 UTC 2026 -> Add data lock for musl riscv32 build status data to be written
Tue Aug  4 02:58:26 UTC 2026 -> Add data lock for musl riscv64 build status data to be written
Tue Aug  4 02:58:33 UTC 2026 -> Add data lock for musl aarch64 build status data to be written
Tue Aug  4 02:58:51 UTC 2026 -> Add data lock for musl arm build status data to be written
Tue Aug  4 02:59:46 UTC 2026 -> Add data lock for musl x86-64 build status data to be written
Tue Aug  4 03:00:22 UTC 2026 -> Add data lock for musl riscv32 build status data to be written
Tue Aug  4 03:00:39 UTC 2026 -> Add data lock for musl riscv64 build status data to be written
Tue Aug  4 03:01:50 UTC 2026 -> Add data lock for musl arm build status data to be written
Tue Aug  4 03:02:34 CUT 2026 -> Add data lock for windows_nightly x64 build status data to be written
Tue Aug  4 03:05:22 CUT 2026 -> Add data lock for windows_nightly ARM64 build status data to be written
Tue Aug  4 05:05:36 UTC 2026 -> Add data lock for picolibc riscv64 build status data to be written
Tue Aug  4 05:06:02 UTC 2026 -> Add data lock for picolibc aarch64 build status data to be written
Tue Aug  4 05:06:11 UTC 2026 -> Add data lock for picolibc hexagon build status data to be written
Tue Aug  4 05:06:19 UTC 2026 -> Add data lock for picolibc riscv32 build status data to be written
Tue Aug  4 05:06:28 UTC 2026 -> Add data lock for picolibc arm build status data to be written
Tue Aug  4 05:59:46 UTC 2026 -> Add data lock for busybox x86_64 build status data to be written
Tue Aug  4 05:59:52 UTC 2026 -> Add data lock for busybox riscv32 build status data to be written
Tue Aug  4 06:00:06 UTC 2026 -> Add data lock for busybox aarch64 build status data to be written
Tue Aug  4 06:04:43 UTC 2026 -> Add data lock for busybox x86_64 build status data to be written
Tue Aug  4 06:08:19 UTC 2026 -> Add data lock for busybox aarch64 build status data to be written
Tue Aug  4 06:09:59 UTC 2026 -> Add data lock for busybox riscv64 build status data to be written
Tue Aug  4 06:11:06 UTC 2026 -> Add data lock for busybox riscv32 build status data to be written
Tue Aug  4 06:12:10 UTC 2026 -> Add data lock for busybox arm build status data to be written
Tue Aug  4 07:26:40 UTC 2026 -> Add data lock for picolibc riscv64 build status data to be written
Tue Aug  4 07:27:09 UTC 2026 -> Add data lock for picolibc arm build status data to be written
Tue Aug  4 07:31:03 UTC 2026 -> Add data lock for picolibc riscv32 build status data to be written
Tue Aug  4 07:32:16 UTC 2026 -> Add data lock for picolibc aarch64 build status data to be written
Tue Aug  4 07:50:43 UTC 2026 -> Add data lock for picolibc hexagon build status data to be written
Tue Aug  4 07:53:22 UTC 2026 -> Add data lock for nightly all build status data to be written
Tue Aug  4 07:56:16 UTC 2026 -> Add data lock for sanitizer all build status data to be written
Tue Aug  4 08:59:44 UTC 2026 -> Add data lock for reverse_iterator all build status data to be written
Tue Aug  4 09:55:09 AM UTC 2026 -> Add data lock for zephyr riscv32 build status data to be written
Tue Aug  4 09:55:18 AM UTC 2026 -> Add data lock for zephyr riscv64 build status data to be written
Tue Aug  4 09:55:35 AM UTC 2026 -> Add data lock for zephyr riscv32 build status data to be written
Tue Aug  4 09:55:49 AM UTC 2026 -> Add data lock for zephyr aarch64 build status data to be written
Tue Aug  4 09:59:04 AM UTC 2026 -> Add data lock for zephyr riscv32 build status data to be written
Tue Aug  4 10:01:06 UTC 2026 -> Add data lock for sanitizer all build status data to be written
Tue Aug  4 11:17:25 UTC 2026 -> Add data lock for nightly all build status data to be written
Tue Aug  4 12:15:18 UTC 2026 -> Add data lock for reverse_iterator all build status data to be written
Wed Aug  5 02:58:02 UTC 2026 -> Add data lock for musl arm build status data to be written
Wed Aug  5 02:58:07 UTC 2026 -> Add data lock for musl riscv64 build status data to be written
Wed Aug  5 02:58:17 UTC 2026 -> Add data lock for musl x86-64 build status data to be written
Wed Aug  5 03:00:13 UTC 2026 -> Add data lock for musl x86-64 build status data to be written
Wed Aug  5 03:00:17 UTC 2026 -> Add data lock for musl riscv32 build status data to be written
Wed Aug  5 03:00:28 UTC 2026 -> Add data lock for musl riscv64 build status data to be written
Wed Aug  5 03:01:39 UTC 2026 -> Add data lock for musl arm build status data to be written
Wed Aug  5 03:02:29 CUT 2026 -> Add data lock for windows_nightly x64 build status data to be written
Wed Aug  5 03:04:59 CUT 2026 -> Add data lock for windows_nightly ARM64 build status data to be written
Wed Aug  5 05:05:20 UTC 2026 -> Add data lock for picolibc hexagon build status data to be written
Wed Aug  5 05:05:38 UTC 2026 -> Add data lock for picolibc aarch64 build status data to be written
Wed Aug  5 05:05:56 UTC 2026 -> Add data lock for picolibc riscv32 build status data to be written
Wed Aug  5 05:06:13 UTC 2026 -> Add data lock for picolibc riscv64 build status data to be written
Wed Aug  5 05:06:29 UTC 2026 -> Add data lock for picolibc arm build status data to be written
Wed Aug  5 05:57:12 UTC 2026 -> Add data lock for busybox arm build status data to be written
Wed Aug  5 05:57:24 UTC 2026 -> Add data lock for busybox aarch64 build status data to be written
Wed Aug  5 05:57:30 UTC 2026 -> Add busybox riscv32 build status data in DB
Wed Aug  5 05:57:36 UTC 2026 -> Add data lock for busybox x86_64 build status data to be written
Wed Aug  5 06:02:24 UTC 2026 -> Add data lock for busybox x86_64 build status data to be written
Wed Aug  5 06:07:18 UTC 2026 -> Add data lock for busybox arm build status data to be written
Wed Aug  5 06:07:36 UTC 2026 -> Add data lock for busybox riscv64 build status data to be written
Wed Aug  5 06:08:26 UTC 2026 -> Add data lock for busybox aarch64 build status data to be written
Wed Aug  5 06:08:33 UTC 2026 -> Add data lock for busybox riscv32 build status data to be written
Wed Aug  5 06:40:36 UTC 2026 -> Add data lock for picolibc aarch64 build status data to be written
Wed Aug  5 07:16:22 UTC 2026 -> Add data lock for picolibc hexagon build status data to be written
Wed Aug  5 07:26:24 UTC 2026 -> Add data lock for picolibc arm build status data to be written
Wed Aug  5 07:26:38 UTC 2026 -> Add data lock for picolibc riscv32 build status data to be written
Wed Aug  5 07:31:10 UTC 2026 -> Add data lock for picolibc riscv64 build status data to be written
Wed Aug  5 07:54:12 UTC 2026 -> Add data lock for nightly all build status data to be written
Wed Aug  5 07:56:41 UTC 2026 -> Add data lock for sanitizer all build status data to be written
Wed Aug  5 08:58:56 UTC 2026 -> Add data lock for reverse_iterator all build status data to be written
Wed Aug  5 09:38:19 UTC 2026 -> Add data lock for sanitizer all build status data to be written
Wed Aug  5 09:54:25 AM UTC 2026 -> Add data lock for zephyr arm build status data to be written
Wed Aug  5 09:54:32 AM UTC 2026 -> Add data lock for zephyr riscv32 build status data to be written
Wed Aug  5 09:54:38 AM UTC 2026 -> Add data lock for zephyr aarch64 build status data to be written
Wed Aug  5 09:54:48 AM UTC 2026 -> Add data lock for zephyr riscv64 build status data to be written
Wed Aug  5 09:58:28 AM UTC 2026 -> Add data lock for zephyr riscv32 build status data to be written
Wed Aug  5 10:47:05 UTC 2026 -> Add data lock for nightly all build status data to be written
Wed Aug  5 12:42:33 UTC 2026 -> Add data lock for reverse_iterator all build status data to be written
Thu Aug  6 02:58:03 UTC 2026 -> Add data lock for musl x86-64 build status data to be written
Thu Aug  6 02:58:09 UTC 2026 -> Add data lock for musl riscv64 build status data to be written
Thu Aug  6 02:58:22 UTC 2026 -> Add data lock for musl aarch64 build status data to be written
Thu Aug  6 02:58:40 UTC 2026 -> Add data lock for musl arm build status data to be written
Thu Aug  6 02:58:57 UTC 2026 -> Add musl riscv32 build status data in DB
Thu Aug  6 03:00:22 UTC 2026 -> Add data lock for musl riscv64 build status data to be written
Thu Aug  6 03:01:09 UTC 2026 -> Add data lock for musl riscv32 build status data to be written
Thu Aug  6 03:01:26 UTC 2026 -> Add data lock for musl arm build status data to be written
Thu Aug  6 03:02:34 CUT 2026 -> Add data lock for windows_nightly x64 build status data to be written
Thu Aug  6 03:04:38 CUT 2026 -> Add data lock for windows_nightly ARM64 build status data to be written
Thu Aug  6 05:05:57 UTC 2026 -> Add data lock for picolibc hexagon build status data to be written
Thu Aug  6 05:06:05 UTC 2026 -> Add data lock for picolibc riscv32 build status data to be written
Thu Aug  6 05:06:21 UTC 2026 -> Add data lock for picolibc aarch64 build status data to be written
Thu Aug  6 05:06:40 UTC 2026 -> Add data lock for picolibc riscv64 build status data to be written
Thu Aug  6 06:48:19 UTC 2026 -> Add data lock for picolibc riscv32 build status data to be written
Thu Aug  6 07:17:14 UTC 2026 -> Add data lock for picolibc aarch64 build status data to be written
Thu Aug  6 07:26:47 UTC 2026 -> Add data lock for picolibc arm build status data to be written
Thu Aug  6 07:30:41 UTC 2026 -> Add data lock for picolibc riscv64 build status data to be written
Thu Aug  6 07:35:18 UTC 2026 -> Add data lock for picolibc hexagon build status data to be written
Thu Aug  6 07:53:42 UTC 2026 -> Add data lock for nightly all build status data to be written
Thu Aug  6 07:56:30 UTC 2026 -> Add data lock for sanitizer all build status data to be written
Thu Aug  6 08:58:56 UTC 2026 -> Add data lock for reverse_iterator all build status data to be written
Thu Aug  6 09:28:13 UTC 2026 -> Add data lock for sanitizer all build status data to be written
Thu Aug  6 09:55:32 AM UTC 2026 -> Add data lock for zephyr riscv32 build status data to be written
Thu Aug  6 09:55:39 AM UTC 2026 -> Add data lock for zephyr riscv32 build status data to be written
Thu Aug  6 09:55:46 AM UTC 2026 -> Add data lock for zephyr aarch64 build status data to be written
Thu Aug  6 09:55:58 AM UTC 2026 -> Add data lock for zephyr arm build status data to be written
Thu Aug  6 10:10:39 UTC 2026 -> Add data lock for nightly all build status data to be written
Thu Aug  6 11:48:00 UTC 2026 -> Add data lock for busybox aarch64 build status data to be written
Thu Aug  6 11:48:08 UTC 2026 -> Add data lock for busybox x86_64 build status data to be written
Thu Aug  6 11:48:16 UTC 2026 -> Add data lock for busybox arm-gnu build status data to be written
Thu Aug  6 11:48:21 UTC 2026 -> Add data lock for busybox riscv64 build status data to be written
Thu Aug  6 11:48:29 UTC 2026 -> Add data lock for busybox riscv64-gnu build status data to be written
Thu Aug  6 11:48:34 UTC 2026 -> Add data lock for busybox riscv32-gnu build status data to be written
Thu Aug  6 11:48:38 UTC 2026 -> Add data lock for busybox aarch64-gnu build status data to be written
Thu Aug  6 11:48:51 UTC 2026 -> Add data lock for busybox riscv32 build status data to be written
Thu Aug  6 11:49:09 UTC 2026 -> Add data lock for busybox arm build status data to be written
Thu Aug  6 11:52:42 UTC 2026 -> Add data lock for busybox x86_64-gnu build status data to be written
Thu Aug  6 11:52:53 UTC 2026 -> Add data lock for busybox x86_64 build status data to be written
Thu Aug  6 11:58:22 UTC 2026 -> Add data lock for busybox aarch64 build status data to be written
Thu Aug  6 11:59:19 UTC 2026 -> Add data lock for busybox riscv64 build status data to be written
Thu Aug  6 11:59:24 UTC 2026 -> Add data lock for busybox riscv32-gnu build status data to be written
Thu Aug  6 11:59:35 UTC 2026 -> Add data lock for busybox riscv32 build status data to be written
Thu Aug  6 11:59:41 UTC 2026 -> Add data lock for busybox riscv64-gnu build status data to be written
Thu Aug  6 12:00:29 UTC 2026 -> Add data lock for busybox arm build status data to be written
Thu Aug  6 12:01:09 UTC 2026 -> Add data lock for busybox aarch64-gnu build status data to be written
Thu Aug  6 12:02:26 UTC 2026 -> Add data lock for busybox arm-gnu build status data to be written
Thu Aug  6 12:14:19 UTC 2026 -> Add data lock for reverse_iterator all build status data to be written
Thu Aug  6 12:42:33 UTC 2026 -> Add data lock for linux-kernel riscv32 build status data to be written
Thu Aug  6 13:03:35 UTC 2026 -> Add data lock for linux-kernel riscv32 build status data to be written
Fri Aug  7 02:57:32 UTC 2026 -> Add data lock for musl riscv64 build status data to be written
Fri Aug  7 02:57:38 UTC 2026 -> Add data lock for musl arm build status data to be written
Fri Aug  7 02:57:53 UTC 2026 -> Add data lock for musl riscv32 build status data to be written
Fri Aug  7 02:58:18 UTC 2026 -> Add data lock for musl aarch64 build status data to be written
Fri Aug  7 02:58:35 UTC 2026 -> Add data lock for musl x86-64 build status data to be written
Fri Aug  7 02:59:57 UTC 2026 -> Add data lock for musl riscv64 build status data to be written
Fri Aug  7 03:00:26 UTC 2026 -> Add data lock for musl x86-64 build status data to be written
Fri Aug  7 03:00:43 UTC 2026 -> Add data lock for musl riscv32 build status data to be written
Fri Aug  7 03:00:48 UTC 2026 -> Add data lock for musl arm build status data to be written
Fri Aug  7 03:01:11 CUT 2026 -> Add data lock for windows_nightly x64 build status data to be written
Fri Aug  7 03:03:27 CUT 2026 -> Add data lock for windows_nightly ARM64 build status data to be written
Fri Aug  7 04:40:49 UTC 2026 -> Add data lock for picolibc riscv32 build status data to be written
Fri Aug  7 04:41:27 UTC 2026 -> Add data lock for picolibc aarch64 build status data to be written
Fri Aug  7 04:41:33 UTC 2026 -> Add data lock for picolibc riscv64 build status data to be written
Fri Aug  7 04:41:42 UTC 2026 -> Add data lock for picolibc arm build status data to be written
Fri Aug  7 04:44:54 UTC 2026 -> Add data lock for picolibc hexagon build status data to be written
Fri Aug  7 06:34:29 UTC 2026 -> Add data lock for picolibc riscv32 build status data to be written
Fri Aug  7 06:50:07 UTC 2026 -> Add data lock for picolibc aarch64 build status data to be written
Fri Aug  7 07:03:20 UTC 2026 -> Add data lock for picolibc riscv64 build status data to be written
Fri Aug  7 07:07:02 UTC 2026 -> Add data lock for picolibc arm build status data to be written
Fri Aug  7 07:10:01 UTC 2026 -> Add data lock for picolibc hexagon build status data to be written
Fri Aug  7 07:31:20 UTC 2026 -> Add data lock for nightly all build status data to be written
Fri Aug  7 07:34:31 UTC 2026 -> Add data lock for sanitizer all build status data to be written
Fri Aug  7 08:26:48 UTC 2026 -> Add data lock for reverse_iterator all build status data to be written
Fri Aug  7 08:32:33 UTC 2026 -> Add data lock for sanitizer all build status data to be written
Fri Aug  7 09:22:04 AM UTC 2026 -> Add data lock for zephyr riscv64 build status data to be written
Fri Aug  7 09:22:19 AM UTC 2026 -> Add data lock for zephyr arm build status data to be written
Fri Aug  7 09:22:32 AM UTC 2026 -> Add data lock for zephyr aarch64 build status data to be written
Fri Aug  7 09:22:50 AM UTC 2026 -> Add data lock for zephyr riscv32 build status data to be written
Fri Aug  7 09:23:08 AM UTC 2026 -> Add data lock for zephyr riscv32 build status data to be written
Fri Aug  7 09:47:35 UTC 2026 -> Add data lock for nightly all build status data to be written
Fri Aug  7 11:20:29 UTC 2026 -> Add data lock for busybox arm build status data to be written
Fri Aug  7 11:20:35 UTC 2026 -> Add data lock for busybox x86_64 build status data to be written
Fri Aug  7 11:20:46 UTC 2026 -> Add data lock for busybox riscv32 build status data to be written
Fri Aug  7 11:20:50 UTC 2026 -> Add data lock for busybox arm-gnu build status data to be written
Fri Aug  7 11:21:01 UTC 2026 -> Add data lock for busybox riscv32-gnu build status data to be written
Fri Aug  7 11:21:14 UTC 2026 -> Add data lock for busybox riscv64-gnu build status data to be written
Fri Aug  7 11:21:19 UTC 2026 -> Add busybox riscv64 build status data in DB
Fri Aug  7 11:21:35 UTC 2026 -> Add data lock for busybox x86_64-gnu build status data to be written
Fri Aug  7 11:21:45 UTC 2026 -> Add busybox aarch64 build status data in DB
Fri Aug  7 11:24:03 UTC 2026 -> Add data lock for busybox x86_64 build status data to be written
Fri Aug  7 11:26:17 UTC 2026 -> Add data lock for busybox x86_64-gnu build status data to be written
Fri Aug  7 11:30:59 UTC 2026 -> Add data lock for busybox riscv64 build status data to be written
Fri Aug  7 11:31:04 UTC 2026 -> Add data lock for busybox riscv32 build status data to be written
Fri Aug  7 11:31:36 UTC 2026 -> Add data lock for busybox aarch64 build status data to be written
Fri Aug  7 11:32:07 UTC 2026 -> Add data lock for busybox arm-gnu build status data to be written
Fri Aug  7 11:32:29 UTC 2026 -> Add data lock for busybox arm build status data to be written
Fri Aug  7 11:32:36 UTC 2026 -> Add busybox riscv64-gnu build status data in DB
Fri Aug  7 11:32:39 UTC 2026 -> Add data lock for busybox riscv32-gnu build status data to be written
Fri Aug  7 11:32:46 UTC 2026 -> Add data lock for busybox aarch64-gnu build status data to be written
Fri Aug  7 12:10:42 UTC 2026 -> Add data lock for reverse_iterator all build status data to be written
Fri Aug  7 12:20:11 UTC 2026 -> Add data lock for linux-kernel riscv32 build status data to be written
Sat Aug  8 02:35:20 UTC 2026 -> Add data lock for musl x86-64 build status data to be written
Sat Aug  8 02:35:35 UTC 2026 -> Add data lock for musl aarch64 build status data to be written
Sat Aug  8 02:35:52 UTC 2026 -> Add musl riscv64 build status data in DB
Sat Aug  8 02:36:09 UTC 2026 -> Add data lock for musl arm build status data to be written
Sat Aug  8 02:37:01 UTC 2026 -> Add data lock for musl x86-64 build status data to be written
Sat Aug  8 02:37:27 UTC 2026 -> Add data lock for musl riscv32 build status data to be written
Sat Aug  8 02:38:03 UTC 2026 -> Add data lock for musl riscv64 build status data to be written
Sat Aug  8 02:38:29 UTC 2026 -> Add data lock for musl arm build status data to be written
Sat Aug  8 02:38:54 CUT 2026 -> Add data lock for windows_nightly x64 build status data to be written
Sat Aug  8 02:40:50 CUT 2026 -> Add data lock for windows_nightly ARM64 build status data to be written
Sat Aug  8 04:24:52 UTC 2026 -> Add data lock for picolibc aarch64 build status data to be written
Sat Aug  8 04:25:00 UTC 2026 -> Add data lock for picolibc hexagon build status data to be written
Sat Aug  8 04:25:08 UTC 2026 -> Add data lock for picolibc riscv32 build status data to be written
Sat Aug  8 04:25:15 UTC 2026 -> Add data lock for picolibc riscv64 build status data to be written
Sat Aug  8 05:58:26 UTC 2026 -> Add data lock for picolibc riscv64 build status data to be written
Sat Aug  8 06:19:05 UTC 2026 -> Add data lock for picolibc aarch64 build status data to be written
Sat Aug  8 06:30:31 UTC 2026 -> Add data lock for picolibc riscv32 build status data to be written
Sat Aug  8 06:32:47 UTC 2026 -> Add data lock for picolibc hexagon build status data to be written
Sat Aug  8 06:47:32 UTC 2026 -> Add data lock for picolibc arm build status data to be written
Sat Aug  8 07:22:07 UTC 2026 -> Add data lock for nightly all build status data to be written
Sat Aug  8 07:24:41 UTC 2026 -> Add data lock for sanitizer all build status data to be written
Sat Aug  8 08:15:03 UTC 2026 -> Add data lock for reverse_iterator all build status data to be written
Sat Aug  8 08:56:11 UTC 2026 -> Add data lock for sanitizer all build status data to be written
Sat Aug  8 09:15:27 AM UTC 2026 -> Add data lock for zephyr arm build status data to be written
Sat Aug  8 09:15:43 AM UTC 2026 -> Add data lock for zephyr riscv64 build status data to be written
Sat Aug  8 09:16:00 AM UTC 2026 -> Add data lock for zephyr riscv32 build status data to be written
Sat Aug  8 09:16:06 AM UTC 2026 -> Add data lock for zephyr aarch64 build status data to be written
Sat Aug  8 09:19:18 AM UTC 2026 -> Add data lock for zephyr riscv32 build status data to be written
Sat Aug  8 10:28:39 UTC 2026 -> Add data lock for nightly all build status data to be written
Sat Aug  8 11:11:24 UTC 2026 -> Add data lock for busybox arm-gnu build status data to be written
Sat Aug  8 11:11:29 UTC 2026 -> Add data lock for busybox riscv32 build status data to be written
Sat Aug  8 11:11:43 UTC 2026 -> Add data lock for busybox arm build status data to be written
Sat Aug  8 11:11:48 UTC 2026 -> Add data lock for busybox x86_64-gnu build status data to be written
Sat Aug  8 11:11:55 UTC 2026 -> Add data lock for busybox riscv32-gnu build status data to be written
Sat Aug  8 11:11:59 UTC 2026 -> Add data lock for busybox riscv64-gnu build status data to be written
Sat Aug  8 11:12:08 UTC 2026 -> Add busybox riscv64 build status data in DB
Sat Aug  8 11:12:12 UTC 2026 -> Add data lock for busybox aarch64 build status data to be written
Sat Aug  8 11:12:18 UTC 2026 -> Add data lock for busybox x86_64 build status data to be written
Sat Aug  8 11:12:31 UTC 2026 -> Add data lock for busybox aarch64-gnu build status data to be written
Sat Aug  8 11:15:22 UTC 2026 -> Add data lock for reverse_iterator all build status data to be written
Sat Aug  8 11:16:34 UTC 2026 -> Add data lock for busybox x86_64-gnu build status data to be written
Sat Aug  8 11:17:03 UTC 2026 -> Add data lock for busybox x86_64 build status data to be written
Sat Aug  8 11:19:49 UTC 2026 -> Add data lock for busybox riscv32-gnu build status data to be written
Sat Aug  8 11:21:14 UTC 2026 -> Add data lock for busybox riscv32 build status data to be written
Sat Aug  8 11:22:14 UTC 2026 -> Add data lock for busybox riscv64 build status data to be written
Sat Aug  8 11:22:44 UTC 2026 -> Add data lock for busybox aarch64 build status data to be written
Sat Aug  8 11:23:23 UTC 2026 -> Add data lock for busybox riscv64-gnu build status data to be written
Sat Aug  8 11:23:31 UTC 2026 -> Add busybox arm build status data in DB
Sat Aug  8 11:24:38 UTC 2026 -> Add data lock for busybox aarch64-gnu build status data to be written
Sat Aug  8 11:25:53 UTC 2026 -> Add data lock for busybox arm-gnu build status data to be written
Sat Aug  8 12:11:45 UTC 2026 -> Add data lock for linux-kernel riscv32 build status data to be written
Sun Aug  9 02:39:09 UTC 2026 -> Add data lock for musl riscv32 build status data to be written
Sun Aug  9 02:39:26 UTC 2026 -> Add data lock for musl aarch64 build status data to be written
Sun Aug  9 02:39:43 UTC 2026 -> Add data lock for musl arm build status data to be written
Sun Aug  9 02:39:56 UTC 2026 -> Add data lock for musl riscv64 build status data to be written
Sun Aug  9 02:40:01 UTC 2026 -> Add data lock for musl x86-64 build status data to be written
Sun Aug  9 02:41:18 UTC 2026 -> Add data lock for musl riscv32 build status data to be written
Sun Aug  9 02:41:21 UTC 2026 -> Add data lock for musl x86-64 build status data to be written
Sun Aug  9 02:41:56 UTC 2026 -> Add data lock for musl arm build status data to be written
Sun Aug  9 02:42:11 UTC 2026 -> Add data lock for musl riscv64 build status data to be written
Sun Aug  9 02:42:24 CUT 2026 -> Add data lock for windows_nightly x64 build status data to be written
Sun Aug  9 02:46:33 CUT 2026 -> Add data lock for windows_nightly ARM64 build status data to be written
Sun Aug  9 04:29:09 UTC 2026 -> Add data lock for picolibc arm build status data to be written
Sun Aug  9 04:29:21 UTC 2026 -> Add data lock for picolibc riscv32 build status data to be written
Sun Aug  9 04:29:35 UTC 2026 -> Add data lock for picolibc aarch64 build status data to be written
Sun Aug  9 04:29:45 UTC 2026 -> Add data lock for picolibc hexagon build status data to be written
Sun Aug  9 04:30:04 UTC 2026 -> Add data lock for picolibc riscv64 build status data to be written
Sun Aug  9 05:58:29 UTC 2026 -> Add data lock for picolibc riscv64 build status data to be written
Sun Aug  9 06:00:18 UTC 2026 -> Add data lock for picolibc riscv32 build status data to be written
Sun Aug  9 06:50:24 UTC 2026 -> Add data lock for picolibc aarch64 build status data to be written
Sun Aug  9 06:52:07 UTC 2026 -> Add data lock for picolibc arm build status data to be written
Sun Aug  9 06:56:19 UTC 2026 -> Add data lock for picolibc hexagon build status data to be written
Sun Aug  9 07:22:32 UTC 2026 -> Add data lock for nightly all build status data to be written
Sun Aug  9 07:25:25 UTC 2026 -> Add data lock for sanitizer all build status data to be written
Sun Aug  9 07:51:35 UTC 2026 -> Add data lock for sanitizer all build status data to be written
Sun Aug  9 08:15:56 UTC 2026 -> Add data lock for reverse_iterator all build status data to be written
Sun Aug  9 09:05:31 UTC 2026 -> Add data lock for nightly all build status data to be written
Sun Aug  9 09:16:08 AM UTC 2026 -> Add data lock for zephyr riscv32 build status data to be written
Sun Aug  9 09:16:15 AM UTC 2026 -> Add data lock for zephyr arm build status data to be written
Sun Aug  9 09:16:24 AM UTC 2026 -> Add data lock for zephyr riscv32 build status data to be written
Sun Aug  9 09:16:33 AM UTC 2026 -> Add data lock for zephyr aarch64 build status data to be written
Sun Aug  9 09:20:11 AM UTC 2026 -> Add data lock for zephyr riscv32 build status data to be written
Sun Aug  9 11:12:04 UTC 2026 -> Add data lock for busybox arm build status data to be written
Sun Aug  9 11:12:09 UTC 2026 -> Add data lock for busybox riscv32 build status data to be written
Sun Aug  9 11:12:16 UTC 2026 -> Add data lock for busybox riscv64-gnu build status data to be written
Sun Aug  9 11:12:21 UTC 2026 -> Add data lock for busybox riscv64 build status data to be written
Sun Aug  9 11:12:29 UTC 2026 -> Add data lock for busybox x86_64-gnu build status data to be written
Sun Aug  9 11:12:39 UTC 2026 -> Add data lock for busybox aarch64 build status data to be written
Sun Aug  9 11:12:47 UTC 2026 -> Add data lock for busybox arm-gnu build status data to be written
Sun Aug  9 11:13:04 UTC 2026 -> Add data lock for busybox riscv32-gnu build status data to be written
Sun Aug  9 11:13:21 UTC 2026 -> Add data lock for busybox aarch64-gnu build status data to be written
Sun Aug  9 11:16:20 UTC 2026 -> Add data lock for busybox x86_64 build status data to be written
Sun Aug  9 11:16:55 UTC 2026 -> Add data lock for busybox x86_64-gnu build status data to be written
Sun Aug  9 11:22:18 UTC 2026 -> Add data lock for busybox riscv32 build status data to be written
Sun Aug  9 11:22:49 UTC 2026 -> Add data lock for busybox aarch64 build status data to be written
Sun Aug  9 11:23:25 UTC 2026 -> Add data lock for busybox riscv64 build status data to be written
Sun Aug  9 11:24:02 UTC 2026 -> Add data lock for busybox riscv32-gnu build status data to be written
Sun Aug  9 11:24:15 UTC 2026 -> Add data lock for busybox riscv64-gnu build status data to be written
Sun Aug  9 11:24:36 UTC 2026 -> Add data lock for busybox arm build status data to be written
Sun Aug  9 11:26:32 UTC 2026 -> Add data lock for busybox arm-gnu build status data to be written
Sun Aug  9 11:32:34 UTC 2026 -> Add data lock for reverse_iterator all build status data to be written
Sun Aug  9 12:11:19 UTC 2026 -> Add data lock for linux-kernel riscv32 build status data to be written
Mon Aug 10 02:42:22 UTC 2026 -> Add data lock for musl riscv64 build status data to be written
Mon Aug 10 02:42:37 UTC 2026 -> Add data lock for musl riscv32 build status data to be written
Mon Aug 10 02:42:54 UTC 2026 -> Add data lock for musl arm build status data to be written
Mon Aug 10 02:43:11 UTC 2026 -> Add data lock for musl x86-64 build status data to be written
Mon Aug 10 02:44:43 UTC 2026 -> Add data lock for musl riscv64 build status data to be written
Mon Aug 10 02:44:56 UTC 2026 -> Add data lock for musl x86-64 build status data to be written
Mon Aug 10 02:45:03 UTC 2026 -> Add data lock for musl arm build status data to be written
Mon Aug 10 02:45:18 UTC 2026 -> Add data lock for musl riscv32 build status data to be written
Mon Aug 10 02:46:14 CUT 2026 -> Add data lock for windows_nightly x64 build status data to be written
Mon Aug 10 02:50:10 CUT 2026 -> Add data lock for windows_nightly ARM64 build status data to be written
Mon Aug 10 04:33:49 UTC 2026 -> Add data lock for picolibc riscv64 build status data to be written
Mon Aug 10 04:33:56 UTC 2026 -> Add data lock for picolibc riscv32 build status data to be written
Mon Aug 10 04:34:01 UTC 2026 -> Add data lock for picolibc aarch64 build status data to be written
Mon Aug 10 04:34:10 UTC 2026 -> Add data lock for picolibc arm build status data to be written
Mon Aug 10 04:34:14 UTC 2026 -> Add data lock for picolibc hexagon build status data to be written
Mon Aug 10 06:12:19 UTC 2026 -> Add data lock for picolibc arm build status data to be written
Mon Aug 10 06:42:21 UTC 2026 -> Add data lock for picolibc riscv32 build status data to be written
Mon Aug 10 06:43:02 UTC 2026 -> Add data lock for picolibc aarch64 build status data to be written
Mon Aug 10 06:58:41 UTC 2026 -> Add data lock for picolibc riscv64 build status data to be written
Mon Aug 10 07:01:45 UTC 2026 -> Add data lock for picolibc hexagon build status data to be written
Mon Aug 10 07:32:50 UTC 2026 -> Add data lock for nightly all build status data to be written
Mon Aug 10 07:36:23 UTC 2026 -> Add data lock for sanitizer all build status data to be written
Mon Aug 10 08:34:55 UTC 2026 -> Add data lock for reverse_iterator all build status data to be written
Mon Aug 10 08:37:38 UTC 2026 -> Add data lock for sanitizer all build status data to be written
Mon Aug 10 09:21:22 UTC 2026 -> Add data lock for nightly all build status data to be written
Mon Aug 10 09:32:11 AM UTC 2026 -> Add data lock for zephyr riscv64 build status data to be written
Mon Aug 10 09:32:28 AM UTC 2026 -> Add data lock for zephyr riscv32 build status data to be written
Mon Aug 10 09:32:33 AM UTC 2026 -> Add data lock for zephyr riscv32 build status data to be written
Mon Aug 10 09:32:47 AM UTC 2026 -> Add data lock for zephyr aarch64 build status data to be written
Mon Aug 10 09:33:04 AM UTC 2026 -> Add data lock for zephyr arm build status data to be written
Mon Aug 10 09:36:09 AM UTC 2026 -> Add data lock for zephyr riscv32 build status data to be written
Mon Aug 10 11:26:59 UTC 2026 -> Add data lock for busybox x86_64-gnu build status data to be written
Mon Aug 10 11:27:11 UTC 2026 -> Add data lock for busybox aarch64-gnu build status data to be written
Mon Aug 10 11:27:15 UTC 2026 -> Add data lock for busybox riscv32 build status data to be written
Mon Aug 10 11:27:24 UTC 2026 -> Add data lock for busybox arm build status data to be written
Mon Aug 10 11:27:32 UTC 2026 -> Add data lock for busybox riscv64-gnu build status data to be written
Mon Aug 10 11:27:39 UTC 2026 -> Add busybox x86_64 build status data in DB
Mon Aug 10 11:27:42 UTC 2026 -> Add data lock for busybox arm-gnu build status data to be written
Mon Aug 10 11:27:52 UTC 2026 -> Add data lock for busybox riscv64 build status data to be written
Mon Aug 10 11:27:59 UTC 2026 -> Add data lock for busybox riscv32-gnu build status data to be written
Mon Aug 10 11:31:47 UTC 2026 -> Add data lock for busybox x86_64-gnu build status data to be written
Mon Aug 10 11:32:20 UTC 2026 -> Add data lock for busybox x86_64 build status data to be written
Mon Aug 10 11:36:40 UTC 2026 -> Add data lock for busybox riscv64 build status data to be written
Mon Aug 10 11:36:54 UTC 2026 -> Add data lock for busybox aarch64 build status data to be written
Mon Aug 10 11:37:20 UTC 2026 -> Add data lock for busybox riscv32 build status data to be written
Mon Aug 10 11:38:55 UTC 2026 -> Add data lock for busybox riscv32-gnu build status data to be written
Mon Aug 10 11:39:04 UTC 2026 -> Add data lock for busybox riscv64-gnu build status data to be written
Mon Aug 10 11:39:27 UTC 2026 -> Add data lock for busybox aarch64-gnu build status data to be written
Mon Aug 10 11:39:33 UTC 2026 -> Add data lock for busybox arm build status data to be written
Mon Aug 10 11:41:33 UTC 2026 -> Add data lock for busybox arm-gnu build status data to be written
Mon Aug 10 12:20:13 UTC 2026 -> Add data lock for linux-kernel riscv32 build status data to be written
Mon Aug 10 12:21:33 UTC 2026 -> Add data lock for reverse_iterator all build status data to be written
Tue Aug 11 02:38:53 UTC 2026 -> Add data lock for musl aarch64 build status data to be written
Tue Aug 11 02:39:10 UTC 2026 -> Add data lock for musl arm build status data to be written
Tue Aug 11 02:39:28 UTC 2026 -> Add data lock for musl x86-64 build status data to be written
Tue Aug 11 02:39:39 UTC 2026 -> Add data lock for musl riscv32 build status data to be written
Tue Aug 11 02:39:45 UTC 2026 -> Add musl riscv64 build status data in DB
Tue Aug 11 02:40:44 UTC 2026 -> Add data lock for musl x86-64 build status data to be written
Tue Aug 11 02:41:28 UTC 2026 -> Add data lock for musl arm build status data to be written
Tue Aug 11 02:41:45 UTC 2026 -> Add data lock for musl riscv64 build status data to be written
Tue Aug 11 02:42:07 UTC 2026 -> Add data lock for musl riscv32 build status data to be written
Tue Aug 11 02:42:18 CUT 2026 -> Add data lock for windows_nightly x64 build status data to be written
Tue Aug 11 02:44:48 CUT 2026 -> Add data lock for windows_nightly ARM64 build status data to be written
Tue Aug 11 04:31:10 UTC 2026 -> Add data lock for picolibc hexagon build status data to be written
Tue Aug 11 04:31:16 UTC 2026 -> Add data lock for picolibc riscv32 build status data to be written
Tue Aug 11 04:31:28 UTC 2026 -> Add data lock for picolibc arm build status data to be written
Tue Aug 11 04:31:58 UTC 2026 -> Add data lock for picolibc riscv64 build status data to be written
Tue Aug 11 06:37:35 UTC 2026 -> Add data lock for picolibc aarch64 build status data to be written
Tue Aug 11 06:38:34 UTC 2026 -> Add data lock for picolibc arm build status data to be written
Tue Aug 11 06:41:17 UTC 2026 -> Add data lock for picolibc hexagon build status data to be written
Tue Aug 11 06:58:12 UTC 2026 -> Add data lock for picolibc riscv64 build status data to be written
Tue Aug 11 06:59:20 UTC 2026 -> Add data lock for picolibc riscv32 build status data to be written
Tue Aug 11 07:28:28 UTC 2026 -> Add data lock for nightly all build status data to be written
Tue Aug 11 07:31:47 UTC 2026 -> Add data lock for sanitizer all build status data to be written
Tue Aug 11 08:23:11 UTC 2026 -> Add data lock for reverse_iterator all build status data to be written
Tue Aug 11 09:08:15 UTC 2026 -> Add data lock for sanitizer all build status data to be written
Tue Aug 11 09:21:01 AM UTC 2026 -> Add data lock for zephyr aarch64 build status data to be written
Tue Aug 11 09:21:20 AM UTC 2026 -> Add data lock for zephyr arm build status data to be written
Tue Aug 11 09:21:36 AM UTC 2026 -> Add data lock for zephyr riscv32 build status data to be written
Tue Aug 11 09:21:48 AM UTC 2026 -> Add data lock for zephyr riscv64 build status data to be written
Tue Aug 11 09:25:50 AM UTC 2026 -> Add data lock for zephyr riscv32 build status data to be written
Tue Aug 11 10:20:12 UTC 2026 -> Add data lock for nightly all build status data to be written
Tue Aug 11 11:20:00 UTC 2026 -> Add data lock for busybox riscv64 build status data to be written
Tue Aug 11 11:20:07 UTC 2026 -> Add data lock for busybox aarch64-gnu build status data to be written
Tue Aug 11 11:20:15 UTC 2026 -> Add data lock for busybox arm-gnu build status data to be written
Tue Aug 11 11:20:18 UTC 2026 -> Add data lock for busybox x86_64-gnu build status data to be written
Tue Aug 11 11:20:28 UTC 2026 -> Add data lock for busybox x86_64 build status data to be written
Tue Aug 11 11:20:34 UTC 2026 -> Add data lock for busybox arm build status data to be written
Tue Aug 11 11:20:46 UTC 2026 -> Add data lock for busybox riscv64-gnu build status data to be written
Tue Aug 11 11:20:51 UTC 2026 -> Add data lock for busybox aarch64 build status data to be written
Tue Aug 11 11:21:05 UTC 2026 -> Add data lock for busybox riscv32 build status data to be written
Tue Aug 11 11:24:53 UTC 2026 -> Add data lock for busybox x86_64-gnu build status data to be written
Tue Aug 11 11:25:21 UTC 2026 -> Add data lock for busybox x86_64 build status data to be written
Tue Aug 11 11:28:13 UTC 2026 -> Add data lock for busybox riscv64 build status data to be written
Tue Aug 11 11:30:09 UTC 2026 -> Add data lock for busybox riscv64-gnu build status data to be written
Tue Aug 11 11:31:08 UTC 2026 -> Add data lock for busybox riscv32-gnu build status data to be written
Tue Aug 11 11:31:29 UTC 2026 -> Add data lock for busybox aarch64 build status data to be written
Tue Aug 11 11:31:44 UTC 2026 -> Add data lock for busybox riscv32 build status data to be written
Tue Aug 11 11:32:34 UTC 2026 -> Add data lock for busybox arm build status data to be written
Tue Aug 11 11:34:10 UTC 2026 -> Add data lock for busybox arm-gnu build status data to be written
Tue Aug 11 11:36:54 UTC 2026 -> Add data lock for reverse_iterator all build status data to be written
Tue Aug 11 12:01:54 PM UTC 2026 -> Add data lock for zephyr arm build status data to be written
Tue Aug 11 12:20:00 UTC 2026 -> Add data lock for linux-kernel riscv32 build status data to be written
Tue Aug 11 12:20:07 UTC 2026 -> Add data lock for linux-kernel riscv64 build status data to be written
Tue Aug 11 12:56:36 PM UTC 2026 -> Add data lock for zephyr aarch64 build status data to be written
Tue Aug 11 01:21:45 PM UTC 2026 -> Add data lock for zephyr riscv32 build status data to be written
Tue Aug 11 03:03:44 PM UTC 2026 -> Add data lock for zephyr riscv64 build status data to be written
Wed Aug 12 02:48:41 UTC 2026 -> Add data lock for musl arm build status data to be written
Wed Aug 12 02:48:55 UTC 2026 -> Add data lock for musl riscv32 build status data to be written
Wed Aug 12 02:48:59 UTC 2026 -> Add musl aarch64 build status data in DB
Wed Aug 12 02:49:09 UTC 2026 -> Add data lock for musl x86-64 build status data to be written
Wed Aug 12 02:50:42 UTC 2026 -> Add data lock for musl riscv64 build status data to be written
Wed Aug 12 02:51:01 UTC 2026 -> Add data lock for musl riscv32 build status data to be written
Wed Aug 12 02:51:08 UTC 2026 -> Add data lock for musl arm build status data to be written
Wed Aug 12 02:51:19 UTC 2026 -> Add data lock for musl x86-64 build status data to be written
Wed Aug 12 02:52:25 CUT 2026 -> Add data lock for windows_nightly x64 build status data to be written
Wed Aug 12 02:55:20 CUT 2026 -> Add data lock for windows_nightly ARM64 build status data to be written
Wed Aug 12 04:36:08 UTC 2026 -> Add data lock for picolibc riscv64 build status data to be written
Wed Aug 12 04:36:24 UTC 2026 -> Add data lock for picolibc riscv32 build status data to be written
Wed Aug 12 04:36:41 UTC 2026 -> Add data lock for picolibc hexagon build status data to be written
Wed Aug 12 04:37:01 UTC 2026 -> Add data lock for picolibc aarch64 build status data to be written
Wed Aug 12 05:59:31 UTC 2026 -> Add data lock for picolibc riscv32 build status data to be written
Wed Aug 12 06:44:56 UTC 2026 -> Add data lock for picolibc riscv64 build status data to be written
Wed Aug 12 06:56:07 UTC 2026 -> Add data lock for picolibc arm build status data to be written
Wed Aug 12 07:01:26 UTC 2026 -> Add data lock for picolibc aarch64 build status data to be written
Wed Aug 12 07:06:18 UTC 2026 -> Add data lock for picolibc hexagon build status data to be written
Wed Aug 12 07:32:22 UTC 2026 -> Add data lock for nightly all build status data to be written
Wed Aug 12 07:35:23 UTC 2026 -> Add data lock for sanitizer all build status data to be written
Wed Aug 12 08:31:58 UTC 2026 -> Add data lock for reverse_iterator all build status data to be written
Wed Aug 12 09:00:40 UTC 2026 -> Add data lock for sanitizer all build status data to be written
Wed Aug 12 09:26:29 AM UTC 2026 -> Add data lock for zephyr riscv32 build status data to be written
Wed Aug 12 09:26:36 AM UTC 2026 -> Add data lock for zephyr aarch64 build status data to be written
Wed Aug 12 09:26:52 AM UTC 2026 -> Add data lock for zephyr arm build status data to be written
Wed Aug 12 09:27:09 AM UTC 2026 -> Add data lock for zephyr riscv32 build status data to be written
Wed Aug 12 09:27:32 AM UTC 2026 -> Add data lock for zephyr riscv64 build status data to be written
Wed Aug 12 09:30:07 AM UTC 2026 -> Add data lock for zephyr riscv32 build status data to be written
Wed Aug 12 09:46:28 UTC 2026 -> Add data lock for nightly all build status data to be written
Wed Aug 12 11:21:04 UTC 2026 -> Add data lock for busybox riscv64 build status data to be written
Wed Aug 12 11:21:19 UTC 2026 -> Add data lock for busybox arm-gnu build status data to be written
Wed Aug 12 11:21:22 UTC 2026 -> Add data lock for busybox arm build status data to be written
Wed Aug 12 11:21:32 UTC 2026 -> Add data lock for busybox aarch64 build status data to be written
Wed Aug 12 11:21:37 UTC 2026 -> Add data lock for busybox riscv64-gnu build status data to be written
Wed Aug 12 11:21:51 UTC 2026 -> Add data lock for busybox riscv32-gnu build status data to be written
Wed Aug 12 11:21:55 UTC 2026 -> Add data lock for busybox x86_64 build status data to be written
Wed Aug 12 11:22:09 UTC 2026 -> Add busybox riscv32 build status data in DB
Wed Aug 12 11:22:12 UTC 2026 -> Add data lock for busybox x86_64-gnu build status data to be written
Wed Aug 12 11:25:45 UTC 2026 -> Add data lock for busybox x86_64-gnu build status data to be written
Wed Aug 12 11:26:44 UTC 2026 -> Add data lock for busybox x86_64 build status data to be written
Wed Aug 12 11:30:56 UTC 2026 -> Add data lock for busybox riscv64 build status data to be written
Wed Aug 12 11:31:10 UTC 2026 -> Add data lock for busybox riscv64-gnu build status data to be written
Wed Aug 12 11:31:45 UTC 2026 -> Add data lock for busybox aarch64 build status data to be written
Wed Aug 12 11:32:29 UTC 2026 -> Add data lock for busybox aarch64-gnu build status data to be written
Wed Aug 12 11:32:52 UTC 2026 -> Add data lock for busybox riscv32 build status data to be written
Wed Aug 12 11:33:10 UTC 2026 -> Add data lock for busybox arm build status data to be written
Wed Aug 12 11:33:27 UTC 2026 -> Add data lock for busybox riscv32-gnu build status data to be written
Wed Aug 12 11:35:02 UTC 2026 -> Add data lock for busybox arm-gnu build status data to be written
Wed Aug 12 11:35:26 AM UTC 2026 -> Add data lock for zephyr aarch64 build status data to be written
Wed Aug 12 11:47:49 UTC 2026 -> Add data lock for reverse_iterator all build status data to be written
Wed Aug 12 12:20:29 UTC 2026 -> Add data lock for linux-kernel riscv32 build status data to be written
Wed Aug 12 12:20:47 UTC 2026 -> Add data lock for linux-kernel riscv64 build status data to be written
Wed Aug 12 12:42:53 UTC 2026 -> Add data lock for linux-kernel riscv32 build status data to be written
Wed Aug 12 12:45:04 UTC 2026 -> Add data lock for linux-kernel riscv64 build status data to be written
Wed Aug 12 01:04:52 PM UTC 2026 -> Add data lock for zephyr arm build status data to be written
Wed Aug 12 01:32:12 PM UTC 2026 -> Add data lock for zephyr riscv32 build status data to be written
Wed Aug 12 03:07:15 PM UTC 2026 -> Add data lock for zephyr riscv64 build status data to be written
Thu Aug 13 02:49:52 UTC 2026 -> Add data lock for musl x86-64 build status data to be written
Thu Aug 13 02:50:04 UTC 2026 -> Add data lock for musl riscv32 build status data to be written
Thu Aug 13 02:50:08 UTC 2026 -> Add data lock for musl riscv64 build status data to be written
Thu Aug 13 02:50:27 UTC 2026 -> Add data lock for musl aarch64 build status data to be written
Thu Aug 13 02:51:26 UTC 2026 -> Add data lock for musl x86-64 build status data to be written
Thu Aug 13 02:52:07 UTC 2026 -> Add data lock for musl riscv64 build status data to be written
Thu Aug 13 02:52:20 UTC 2026 -> Add data lock for musl arm build status data to be written
Thu Aug 13 02:52:31 UTC 2026 -> Add data lock for musl riscv32 build status data to be written
Thu Aug 13 02:54:03 CUT 2026 -> Add data lock for windows_nightly x64 build status data to be written
Thu Aug 13 02:56:23 CUT 2026 -> Add data lock for windows_nightly ARM64 build status data to be written
Thu Aug 13 07:31:47 UTC 2026 -> Add data lock for nightly all build status data to be written
Thu Aug 13 07:35:17 UTC 2026 -> Add data lock for sanitizer all build status data to be written
Thu Aug 13 08:33:00 UTC 2026 -> Add data lock for reverse_iterator all build status data to be written
Thu Aug 13 09:20:34 UTC 2026 -> Add data lock for sanitizer all build status data to be written
Thu Aug 13 09:26:39 AM UTC 2026 -> Add data lock for zephyr riscv32 build status data to be written
Thu Aug 13 09:27:15 AM UTC 2026 -> Add data lock for zephyr aarch64 build status data to be written
Thu Aug 13 09:27:45 AM UTC 2026 -> Add data lock for zephyr riscv64 build status data to be written
Thu Aug 13 09:28:04 AM UTC 2026 -> Add data lock for zephyr arm build status data to be written
Thu Aug 13 09:30:22 AM UTC 2026 -> Add data lock for zephyr riscv32 build status data to be written
Thu Aug 13 10:49:51 UTC 2026 -> Add data lock for nightly all build status data to be written
Thu Aug 13 10:50:53 UTC 2026 -> Add data lock for picolibc arm build status data to be written
Thu Aug 13 10:50:59 UTC 2026 -> Add data lock for picolibc aarch64 build status data to be written
Thu Aug 13 10:51:10 UTC 2026 -> Add data lock for picolibc riscv64 build status data to be written
Thu Aug 13 10:51:16 UTC 2026 -> Add data lock for picolibc hexagon build status data to be written
Thu Aug 13 10:51:27 UTC 2026 -> Add data lock for picolibc riscv32 build status data to be written
Thu Aug 13 10:54:28 UTC 2026 -> Add data lock for picolibc arm build status data to be written
Thu Aug 13 10:54:37 UTC 2026 -> Add data lock for picolibc aarch64 build status data to be written
Thu Aug 13 10:55:00 UTC 2026 -> Add data lock for picolibc riscv64 build status data to be written
Thu Aug 13 10:55:24 UTC 2026 -> Add data lock for picolibc riscv32 build status data to be written
Thu Aug 13 10:58:31 UTC 2026 -> Add data lock for picolibc hexagon build status data to be written
Thu Aug 13 11:20:45 UTC 2026 -> Add data lock for busybox riscv64 build status data to be written
Thu Aug 13 11:21:04 UTC 2026 -> Add data lock for busybox aarch64-gnu build status data to be written
Thu Aug 13 11:21:10 UTC 2026 -> Add busybox arm-gnu build status data in DB
Thu Aug 13 11:21:16 UTC 2026 -> Add data lock for busybox riscv64-gnu build status data to be written
Thu Aug 13 11:21:21 UTC 2026 -> Add busybox riscv32-gnu build status data in DB
Thu Aug 13 11:21:38 UTC 2026 -> Add data lock for busybox x86_64 build status data to be written
Thu Aug 13 11:21:46 UTC 2026 -> Add busybox x86_64-gnu build status data in DB
Thu Aug 13 11:21:56 UTC 2026 -> Add data lock for busybox arm build status data to be written
Thu Aug 13 11:22:14 UTC 2026 -> Add data lock for busybox riscv32 build status data to be written
Thu Aug 13 11:22:32 UTC 2026 -> Add data lock for busybox aarch64 build status data to be written
Thu Aug 13 11:26:15 UTC 2026 -> Add data lock for busybox x86_64-gnu build status data to be written
Thu Aug 13 11:26:32 UTC 2026 -> Add data lock for busybox x86_64 build status data to be written
Thu Aug 13 11:31:17 UTC 2026 -> Add data lock for busybox aarch64-gnu build status data to be written
Thu Aug 13 11:31:32 UTC 2026 -> Add data lock for busybox riscv64 build status data to be written
Thu Aug 13 11:31:47 UTC 2026 -> Add data lock for busybox aarch64 build status data to be written
Thu Aug 13 11:31:58 UTC 2026 -> Add data lock for busybox riscv32 build status data to be written
Thu Aug 13 11:32:11 UTC 2026 -> Add data lock for busybox arm build status data to be written
Thu Aug 13 11:32:35 UTC 2026 -> Add data lock for busybox riscv32-gnu build status data to be written
Thu Aug 13 11:33:22 UTC 2026 -> Add data lock for busybox riscv64-gnu build status data to be written
Thu Aug 13 11:35:14 UTC 2026 -> Add data lock for busybox arm-gnu build status data to be written
Thu Aug 13 12:09:56 UTC 2026 -> Add data lock for reverse_iterator all build status data to be written
Thu Aug 13 12:20:52 UTC 2026 -> Add data lock for linux-kernel riscv64 build status data to be written
Thu Aug 13 12:21:10 UTC 2026 -> Add data lock for linux-kernel riscv32 build status data to be written
Thu Aug 13 12:38:46 UTC 2026 -> Add data lock for linux-kernel riscv64 build status data to be written
Thu Aug 13 12:43:57 UTC 2026 -> Add data lock for linux-kernel riscv32 build status data to be written
Thu Aug 13 01:06:22 PM UTC 2026 -> Add data lock for zephyr arm build status data to be written
Thu Aug 13 01:06:35 PM UTC 2026 -> Add data lock for zephyr aarch64 build status data to be written
Thu Aug 13 01:26:17 PM UTC 2026 -> Add data lock for zephyr riscv32 build status data to be written
Thu Aug 13 03:08:15 PM UTC 2026 -> Add data lock for zephyr riscv64 build status data to be written
Fri Aug 14 02:49:27 UTC 2026 -> Add data lock for musl arm build status data to be written
Fri Aug 14 02:49:45 UTC 2026 -> Add data lock for musl riscv64 build status data to be written
Fri Aug 14 02:49:53 UTC 2026 -> Add musl riscv32 build status data in DB
Fri Aug 14 02:50:03 UTC 2026 -> Add data lock for musl aarch64 build status data to be written
Fri Aug 14 02:50:21 UTC 2026 -> Add data lock for musl x86-64 build status data to be written
Fri Aug 14 02:51:42 UTC 2026 -> Add data lock for musl arm build status data to be written
Fri Aug 14 02:51:49 UTC 2026 -> Add data lock for musl riscv64 build status data to be written
Fri Aug 14 02:52:04 UTC 2026 -> Add data lock for musl riscv32 build status data to be written
Fri Aug 14 02:52:23 UTC 2026 -> Add data lock for musl x86-64 build status data to be written
Fri Aug 14 02:53:11 CUT 2026 -> Add data lock for windows_nightly x64 build status data to be written
Fri Aug 14 02:56:00 CUT 2026 -> Add data lock for windows_nightly ARM64 build status data to be written
Fri Aug 14 07:32:10 UTC 2026 -> Add data lock for nightly all build status data to be written
Fri Aug 14 07:35:26 UTC 2026 -> Add data lock for sanitizer all build status data to be written
Fri Aug 14 08:30:14 UTC 2026 -> Add data lock for reverse_iterator all build status data to be written
Fri Aug 14 09:01:30 UTC 2026 -> Add data lock for sanitizer all build status data to be written
Fri Aug 14 09:24:12 AM UTC 2026 -> Add data lock for zephyr riscv32 build status data to be written
Fri Aug 14 09:24:37 AM UTC 2026 -> Add data lock for zephyr arm build status data to be written
Fri Aug 14 09:24:56 AM UTC 2026 -> Add data lock for zephyr riscv32 build status data to be written
Fri Aug 14 09:25:15 AM UTC 2026 -> Add data lock for zephyr aarch64 build status data to be written
Fri Aug 14 09:29:16 AM UTC 2026 -> Add data lock for zephyr riscv32 build status data to be written
Fri Aug 14 10:56:04 UTC 2026 -> Add data lock for nightly all build status data to be written
Fri Aug 14 10:57:09 UTC 2026 -> Add data lock for picolibc arm build status data to be written
Fri Aug 14 10:57:33 UTC 2026 -> Add data lock for picolibc hexagon build status data to be written
Fri Aug 14 10:57:50 UTC 2026 -> Add data lock for picolibc riscv32 build status data to be written
Fri Aug 14 10:58:08 UTC 2026 -> Add data lock for picolibc aarch64 build status data to be written
Fri Aug 14 10:58:25 UTC 2026 -> Add data lock for picolibc riscv64 build status data to be written
Fri Aug 14 10:58:44 UTC 2026 -> Add data lock for picolibc arm build status data to be written
Fri Aug 14 10:59:25 UTC 2026 -> Add data lock for picolibc aarch64 build status data to be written
Fri Aug 14 11:06:42 UTC 2026 -> Add data lock for picolibc hexagon build status data to be written
Fri Aug 14 11:19:32 UTC 2026 -> Add data lock for busybox arm build status data to be written
Fri Aug 14 11:19:47 UTC 2026 -> Add data lock for busybox riscv64-gnu build status data to be written
Fri Aug 14 11:19:53 UTC 2026 -> Add data lock for busybox x86_64 build status data to be written
Fri Aug 14 11:20:03 UTC 2026 -> Add busybox riscv32 build status data in DB
Fri Aug 14 11:20:06 UTC 2026 -> Add data lock for busybox aarch64-gnu build status data to be written
Fri Aug 14 11:20:19 UTC 2026 -> Add data lock for busybox riscv64 build status data to be written
Fri Aug 14 11:20:24 UTC 2026 -> Add data lock for busybox x86_64-gnu build status data to be written
Fri Aug 14 11:20:37 UTC 2026 -> Add data lock for busybox riscv32-gnu build status data to be written
Fri Aug 14 11:20:42 UTC 2026 -> Add data lock for busybox aarch64 build status data to be written
Fri Aug 14 11:24:51 UTC 2026 -> Add data lock for busybox x86_64 build status data to be written
Fri Aug 14 11:25:20 UTC 2026 -> Add data lock for busybox x86_64-gnu build status data to be written
Fri Aug 14 11:30:25 UTC 2026 -> Add data lock for busybox riscv32 build status data to be written
Fri Aug 14 11:30:53 UTC 2026 -> Add data lock for busybox riscv64-gnu build status data to be written
Fri Aug 14 11:31:18 UTC 2026 -> Add data lock for busybox riscv64 build status data to be written
Fri Aug 14 11:31:28 UTC 2026 -> Add data lock for busybox aarch64 build status data to be written
Fri Aug 14 11:31:48 UTC 2026 -> Add data lock for busybox aarch64-gnu build status data to be written
Fri Aug 14 11:32:03 UTC 2026 -> Add data lock for busybox riscv32-gnu build status data to be written
Fri Aug 14 11:32:16 UTC 2026 -> Add data lock for busybox arm build status data to be written
Fri Aug 14 11:33:48 UTC 2026 -> Add data lock for busybox arm-gnu build status data to be written
Fri Aug 14 11:50:01 UTC 2026 -> Add data lock for reverse_iterator all build status data to be written
Fri Aug 14 12:12:36 PM UTC 2026 -> Add data lock for zephyr arm build status data to be written
Fri Aug 14 12:19:56 UTC 2026 -> Add data lock for linux-kernel riscv32 build status data to be written
Fri Aug 14 12:20:14 UTC 2026 -> Add data lock for linux-kernel riscv64 build status data to be written
Fri Aug 14 12:36:51 PM UTC 2026 -> Add data lock for zephyr aarch64 build status data to be written
Fri Aug 14 12:41:38 UTC 2026 -> Add data lock for linux-kernel riscv32 build status data to be written
Fri Aug 14 12:45:31 UTC 2026 -> Add data lock for linux-kernel riscv64 build status data to be written
Fri Aug 14 12:53:43 PM UTC 2026 -> Add data lock for zephyr riscv32 build status data to be written
Fri Aug 14 03:03:15 PM UTC 2026 -> Add data lock for zephyr riscv64 build status data to be written
Sat Aug 15 02:20:00 UTC 2026 -> Add data lock for musl riscv32 build status data to be written
Sat Aug 15 02:20:14 UTC 2026 -> Add data lock for musl arm build status data to be written
Sat Aug 15 02:20:32 UTC 2026 -> Add data lock for musl x86-64 build status data to be written
Sat Aug 15 02:20:50 UTC 2026 -> Add data lock for musl riscv64 build status data to be written
Sat Aug 15 02:22:40 UTC 2026 -> Add data lock for musl x86-64 build status data to be written
Sat Aug 15 02:22:53 UTC 2026 -> Add data lock for musl riscv64 build status data to be written
Sat Aug 15 02:22:58 UTC 2026 -> Add data lock for musl riscv32 build status data to be written
Sat Aug 15 02:23:12 CUT 2026 -> Add data lock for windows_nightly x64 build status data to be written
Sat Aug 15 02:25:31 CUT 2026 -> Add data lock for windows_nightly ARM64 build status data to be written
Sat Aug 15 07:12:36 UTC 2026 -> Add data lock for nightly all build status data to be written
Sat Aug 15 07:14:31 UTC 2026 -> Add data lock for sanitizer all build status data to be written
Sat Aug 15 08:07:21 UTC 2026 -> Add data lock for reverse_iterator all build status data to be written
Sat Aug 15 08:58:05 UTC 2026 -> Add data lock for sanitizer all build status data to be written
Sat Aug 15 09:08:15 AM UTC 2026 -> Add data lock for zephyr arm build status data to be written
Sat Aug 15 09:08:34 AM UTC 2026 -> Add data lock for zephyr riscv32 build status data to be written
Sat Aug 15 09:08:44 AM UTC 2026 -> Add data lock for zephyr aarch64 build status data to be written
Sat Aug 15 09:11:39 AM UTC 2026 -> Add data lock for zephyr riscv32 build status data to be written
Sat Aug 15 10:45:09 UTC 2026 -> Add data lock for nightly all build status data to be written
Sat Aug 15 10:46:36 UTC 2026 -> Add data lock for picolibc hexagon build status data to be written
Sat Aug 15 10:46:53 UTC 2026 -> Add picolibc riscv32 build status data in DB
Sat Aug 15 10:47:10 UTC 2026 -> Add data lock for picolibc aarch64 build status data to be written
Sat Aug 15 10:47:28 UTC 2026 -> Add data lock for picolibc riscv64 build status data to be written
Sat Aug 15 10:47:45 UTC 2026 -> Add data lock for picolibc arm build status data to be written
Sat Aug 15 10:48:40 UTC 2026 -> Add data lock for picolibc aarch64 build status data to be written
Sat Aug 15 10:49:05 UTC 2026 -> Add data lock for picolibc arm build status data to be written
Sat Aug 15 10:55:06 UTC 2026 -> Add data lock for picolibc hexagon build status data to be written
Sat Aug 15 11:07:35 UTC 2026 -> Add data lock for busybox riscv32-gnu build status data to be written
Sat Aug 15 11:07:51 UTC 2026 -> Add data lock for busybox x86_64-gnu build status data to be written
Sat Aug 15 11:08:08 UTC 2026 -> Add data lock for busybox riscv64 build status data to be written
Sat Aug 15 11:08:16 UTC 2026 -> Add busybox aarch64 build status data in DB
Sat Aug 15 11:08:20 UTC 2026 -> Add data lock for busybox riscv64-gnu build status data to be written
Sat Aug 15 11:08:27 UTC 2026 -> Add data lock for busybox arm-gnu build status data to be written
Sat Aug 15 11:08:33 UTC 2026 -> Add busybox arm build status data in DB
Sat Aug 15 11:08:38 UTC 2026 -> Add data lock for busybox x86_64 build status data to be written
Sat Aug 15 11:08:44 UTC 2026 -> Add busybox riscv32 build status data in DB
Sat Aug 15 11:11:46 AM UTC 2026 -> Add data lock for zephyr aarch64 build status data to be written
Sat Aug 15 11:12:07 UTC 2026 -> Add data lock for busybox x86_64-gnu build status data to be written
Sat Aug 15 11:13:23 UTC 2026 -> Add data lock for busybox x86_64 build status data to be written
Sat Aug 15 11:18:09 UTC 2026 -> Add data lock for busybox riscv32-gnu build status data to be written
Sat Aug 15 11:18:52 UTC 2026 -> Add data lock for busybox riscv64 build status data to be written
Sat Aug 15 11:18:57 UTC 2026 -> Add data lock for busybox aarch64 build status data to be written
Sat Aug 15 11:19:28 UTC 2026 -> Add data lock for busybox riscv32 build status data to be written
Sat Aug 15 11:19:48 UTC 2026 -> Add data lock for busybox aarch64-gnu build status data to be written
Sat Aug 15 11:19:58 UTC 2026 -> Add data lock for busybox riscv64-gnu build status data to be written
Sat Aug 15 11:21:08 UTC 2026 -> Add data lock for busybox arm build status data to be written
Sat Aug 15 11:23:05 UTC 2026 -> Add data lock for busybox arm-gnu build status data to be written
Sat Aug 15 11:57:59 AM UTC 2026 -> Add data lock for zephyr arm build status data to be written
Sat Aug 15 12:07:10 UTC 2026 -> Add data lock for reverse_iterator all build status data to be written
Sat Aug 15 12:07:17 UTC 2026 -> Add data lock for linux-kernel riscv64 build status data to be written
Sat Aug 15 12:07:25 UTC 2026 -> Add data lock for linux-kernel riscv32 build status data to be written
Sat Aug 15 12:30:13 UTC 2026 -> Add data lock for linux-kernel riscv32 build status data to be written
Sat Aug 15 12:30:54 UTC 2026 -> Add data lock for linux-kernel riscv64 build status data to be written
Sat Aug 15 01:19:59 PM UTC 2026 -> Add data lock for zephyr riscv32 build status data to be written
Sat Aug 15 02:17:58 PM UTC 2026 -> Add data lock for zephyr riscv64 build status data to be written
Sun Aug 16 02:25:08 UTC 2026 -> Add data lock for musl x86-64 build status data to be written
Sun Aug 16 02:25:22 UTC 2026 -> Add data lock for musl arm build status data to be written
Sun Aug 16 02:25:36 UTC 2026 -> Add data lock for musl riscv32 build status data to be written
Sun Aug 16 02:25:39 UTC 2026 -> Add data lock for musl riscv64 build status data to be written
Sun Aug 16 02:27:04 UTC 2026 -> Add data lock for musl x86-64 build status data to be written
Sun Aug 16 02:27:40 UTC 2026 -> Add data lock for musl arm build status data to be written
Sun Aug 16 02:27:56 UTC 2026 -> Add data lock for musl riscv32 build status data to be written
Sun Aug 16 02:28:15 UTC 2026 -> Add data lock for musl riscv64 build status data to be written
Sun Aug 16 02:28:33 CUT 2026 -> Add data lock for windows_nightly x64 build status data to be written
Sun Aug 16 02:30:15 CUT 2026 -> Add data lock for windows_nightly ARM64 build status data to be written
Sun Aug 16 07:15:57 UTC 2026 -> Add data lock for sanitizer all build status data to be written
Sun Aug 16 07:16:10 UTC 2026 -> Add data lock for nightly all build status data to be written
Sun Aug 16 08:07:56 UTC 2026 -> Add data lock for reverse_iterator all build status data to be written
Sun Aug 16 09:07:56 AM UTC 2026 -> Add data lock for zephyr riscv32 build status data to be written
Sun Aug 16 09:08:18 AM UTC 2026 -> Add data lock for zephyr aarch64 build status data to be written
Sun Aug 16 09:08:41 AM UTC 2026 -> Add data lock for zephyr riscv32 build status data to be written
Sun Aug 16 09:09:00 AM UTC 2026 -> Add data lock for zephyr arm build status data to be written
Sun Aug 16 09:09:08 AM UTC 2026 -> Add data lock for zephyr riscv64 build status data to be written
Sun Aug 16 09:10:13 UTC 2026 -> Add data lock for sanitizer all build status data to be written
Sun Aug 16 09:12:40 AM UTC 2026 -> Add data lock for zephyr riscv32 build status data to be written
Sun Aug 16 09:37:50 UTC 2026 -> Add data lock for nightly all build status data to be written
Sun Aug 16 09:38:53 UTC 2026 -> Add data lock for picolibc aarch64 build status data to be written
Sun Aug 16 09:39:19 UTC 2026 -> Add data lock for picolibc riscv64 build status data to be written
Sun Aug 16 09:39:27 UTC 2026 -> Add data lock for picolibc arm build status data to be written
Sun Aug 16 09:39:35 UTC 2026 -> Add data lock for picolibc riscv32 build status data to be written
Sun Aug 16 09:39:49 UTC 2026 -> Add data lock for picolibc hexagon build status data to be written
Sun Aug 16 09:40:40 UTC 2026 -> Add data lock for picolibc aarch64 build status data to be written
Sun Aug 16 09:40:54 UTC 2026 -> Add data lock for picolibc arm build status data to be written
Sun Aug 16 09:48:38 UTC 2026 -> Add data lock for picolibc hexagon build status data to be written
Sun Aug 16 11:07:54 UTC 2026 -> Add data lock for busybox aarch64 build status data to be written
Sun Aug 16 11:08:10 UTC 2026 -> Add data lock for busybox riscv64-gnu build status data to be written
Sun Aug 16 11:08:18 UTC 2026 -> Add busybox x86_64-gnu build status data in DB
Sun Aug 16 11:08:23 UTC 2026 -> Add data lock for busybox arm build status data to be written
Sun Aug 16 11:08:27 UTC 2026 -> Add data lock for busybox x86_64 build status data to be written
Sun Aug 16 11:08:40 UTC 2026 -> Add data lock for busybox riscv32 build status data to be written
Sun Aug 16 11:08:44 UTC 2026 -> Add data lock for busybox arm-gnu build status data to be written
Sun Aug 16 11:08:58 UTC 2026 -> Add data lock for busybox riscv32-gnu build status data to be written
Sun Aug 16 11:09:03 UTC 2026 -> Add data lock for busybox riscv64 build status data to be written
Sun Aug 16 11:09:20 UTC 2026 -> Add busybox aarch64-gnu build status data in DB
Sun Aug 16 11:12:49 UTC 2026 -> Add data lock for busybox x86_64-gnu build status data to be written
Sun Aug 16 11:13:05 UTC 2026 -> Add data lock for busybox x86_64 build status data to be written
Sun Aug 16 11:17:29 UTC 2026 -> Add data lock for busybox aarch64 build status data to be written
Sun Aug 16 11:18:09 UTC 2026 -> Add data lock for busybox arm build status data to be written
Sun Aug 16 11:18:58 UTC 2026 -> Add data lock for busybox arm-gnu build status data to be written
Sun Aug 16 11:19:07 UTC 2026 -> Add data lock for busybox riscv32 build status data to be written
Sun Aug 16 11:19:19 UTC 2026 -> Add data lock for busybox riscv64-gnu build status data to be written
Sun Aug 16 11:19:32 UTC 2026 -> Add data lock for busybox riscv64 build status data to be written
Sun Aug 16 11:20:03 UTC 2026 -> Add data lock for busybox aarch64-gnu build status data to be written
Sun Aug 16 11:20:17 UTC 2026 -> Add data lock for busybox riscv32-gnu build status data to be written
Sun Aug 16 11:53:02 UTC 2026 -> Add data lock for reverse_iterator all build status data to be written
Sun Aug 16 12:07:43 UTC 2026 -> Add data lock for linux-kernel riscv32 build status data to be written
Sun Aug 16 12:08:00 UTC 2026 -> Add data lock for linux-kernel riscv64 build status data to be written
Sun Aug 16 12:14:32 PM UTC 2026 -> Add data lock for zephyr aarch64 build status data to be written
Sun Aug 16 12:24:15 PM UTC 2026 -> Add data lock for zephyr arm build status data to be written
Sun Aug 16 12:29:27 UTC 2026 -> Add data lock for linux-kernel riscv32 build status data to be written
Sun Aug 16 12:32:10 UTC 2026 -> Add data lock for linux-kernel riscv64 build status data to be written
Sun Aug 16 12:40:03 PM UTC 2026 -> Add data lock for zephyr riscv32 build status data to be written
Sun Aug 16 02:04:41 PM UTC 2026 -> Add data lock for zephyr riscv64 build status data to be written
Mon Aug 17 02:24:01 UTC 2026 -> Add data lock for musl aarch64 build status data to be written
Mon Aug 17 02:24:17 UTC 2026 -> Add data lock for musl riscv32 build status data to be written
Mon Aug 17 02:24:35 UTC 2026 -> Add data lock for musl x86-64 build status data to be written
Mon Aug 17 02:24:53 UTC 2026 -> Add data lock for musl riscv64 build status data to be written
Mon Aug 17 02:26:09 UTC 2026 -> Add data lock for musl arm build status data to be written
Mon Aug 17 02:26:38 UTC 2026 -> Add data lock for musl riscv32 build status data to be written
Mon Aug 17 02:26:55 UTC 2026 -> Add data lock for musl riscv64 build status data to be written
Mon Aug 17 02:27:18 CUT 2026 -> Add data lock for windows_nightly x64 build status data to be written
Mon Aug 17 02:30:30 CUT 2026 -> Add data lock for windows_nightly ARM64 build status data to be written
Mon Aug 17 07:22:42 UTC 2026 -> Add data lock for nightly all build status data to be written
Mon Aug 17 07:25:32 UTC 2026 -> Add data lock for sanitizer all build status data to be written
Mon Aug 17 08:15:24 UTC 2026 -> Add data lock for reverse_iterator all build status data to be written
Mon Aug 17 09:15:20 AM UTC 2026 -> Add data lock for zephyr riscv32 build status data to be written
Mon Aug 17 09:15:41 AM UTC 2026 -> Add data lock for zephyr riscv64 build status data to be written
Mon Aug 17 09:15:51 AM UTC 2026 -> Add data lock for zephyr riscv32 build status data to be written
Mon Aug 17 09:15:59 AM UTC 2026 -> Add zephyr aarch64 build status data in DB
Mon Aug 17 09:16:29 AM UTC 2026 -> Add data lock for zephyr arm build status data to be written
Mon Aug 17 09:19:27 AM UTC 2026 -> Add data lock for zephyr riscv32 build status data to be written
Mon Aug 17 09:29:49 UTC 2026 -> Add data lock for sanitizer all build status data to be written
Mon Aug 17 10:27:32 UTC 2026 -> Add data lock for nightly all build status data to be written
Mon Aug 17 10:29:04 UTC 2026 -> Add data lock for picolibc riscv64 build status data to be written
Mon Aug 17 10:29:15 UTC 2026 -> Add data lock for picolibc hexagon build status data to be written
Mon Aug 17 10:29:24 UTC 2026 -> Add data lock for picolibc aarch64 build status data to be written
Mon Aug 17 10:29:40 UTC 2026 -> Add data lock for picolibc riscv32 build status data to be written
Mon Aug 17 10:29:49 UTC 2026 -> Add picolibc arm build status data in DB
Mon Aug 17 10:30:42 UTC 2026 -> Add data lock for picolibc aarch64 build status data to be written
Mon Aug 17 10:31:06 UTC 2026 -> Add data lock for picolibc arm build status data to be written
Mon Aug 17 10:37:01 UTC 2026 -> Add data lock for picolibc hexagon build status data to be written
Mon Aug 17 11:10:24 UTC 2026 -> Add data lock for busybox riscv64-gnu build status data to be written
Mon Aug 17 11:10:42 UTC 2026 -> Add data lock for busybox riscv32 build status data to be written
Mon Aug 17 11:10:55 UTC 2026 -> Add data lock for busybox aarch64 build status data to be written
Mon Aug 17 11:10:59 UTC 2026 -> Add data lock for busybox riscv32-gnu build status data to be written
Mon Aug 17 11:11:14 UTC 2026 -> Add data lock for busybox x86_64-gnu build status data to be written
Mon Aug 17 11:11:27 UTC 2026 -> Add data lock for busybox aarch64-gnu build status data to be written
Mon Aug 17 11:11:32 UTC 2026 -> Add busybox arm-gnu build status data in DB
Mon Aug 17 11:11:44 UTC 2026 -> Add data lock for busybox x86_64 build status data to be written
Mon Aug 17 11:12:02 UTC 2026 -> Add data lock for busybox riscv64 build status data to be written
Mon Aug 17 11:12:19 UTC 2026 -> Add data lock for busybox arm build status data to be written
Mon Aug 17 11:15:31 UTC 2026 -> Add data lock for busybox x86_64-gnu build status data to be written
Mon Aug 17 11:16:03 UTC 2026 -> Add data lock for busybox x86_64 build status data to be written
Mon Aug 17 11:20:33 UTC 2026 -> Add data lock for busybox arm-gnu build status data to be written
Mon Aug 17 11:20:42 UTC 2026 -> Add data lock for busybox riscv32 build status data to be written
Mon Aug 17 11:21:04 UTC 2026 -> Add data lock for busybox aarch64 build status data to be written
Mon Aug 17 11:21:32 UTC 2026 -> Add data lock for busybox riscv64-gnu build status data to be written
Mon Aug 17 11:22:03 UTC 2026 -> Add data lock for busybox riscv32-gnu build status data to be written
Mon Aug 17 11:22:39 UTC 2026 -> Add data lock for busybox riscv64 build status data to be written
Mon Aug 17 11:22:56 UTC 2026 -> Add data lock for busybox aarch64-gnu build status data to be written
Mon Aug 17 11:24:30 UTC 2026 -> Add data lock for busybox arm build status data to be written
Mon Aug 17 11:35:13 UTC 2026 -> Add data lock for reverse_iterator all build status data to be written
Mon Aug 17 12:09:34 UTC 2026 -> Add data lock for linux-kernel riscv64 build status data to be written
Mon Aug 17 12:09:53 UTC 2026 -> Add data lock for linux-kernel riscv32 build status data to be written
Mon Aug 17 12:24:54 PM UTC 2026 -> Add data lock for zephyr aarch64 build status data to be written
Mon Aug 17 12:31:56 UTC 2026 -> Add data lock for linux-kernel riscv64 build status data to be written
Mon Aug 17 12:32:12 UTC 2026 -> Add data lock for linux-kernel riscv32 build status data to be written
Mon Aug 17 12:33:37 PM UTC 2026 -> Add data lock for zephyr arm build status data to be written
Tue Aug 18 02:21:15 UTC 2026 -> Add data lock for musl x86-64 build status data to be written
Tue Aug 18 02:21:35 UTC 2026 -> Add data lock for musl arm build status data to be written
Tue Aug 18 02:21:51 UTC 2026 -> Add data lock for musl aarch64 build status data to be written
Tue Aug 18 02:22:01 UTC 2026 -> Add musl riscv64 build status data in DB
Tue Aug 18 02:22:09 UTC 2026 -> Add data lock for musl riscv32 build status data to be written
Tue Aug 18 02:22:50 UTC 2026 -> Add data lock for musl x86-64 build status data to be written
Tue Aug 18 02:24:02 UTC 2026 -> Add data lock for musl arm build status data to be written
Tue Aug 18 02:24:10 UTC 2026 -> Add data lock for musl riscv32 build status data to be written
Tue Aug 18 02:24:32 CUT 2026 -> Add data lock for windows_nightly x64 build status data to be written
Tue Aug 18 02:27:23 CUT 2026 -> Add data lock for windows_nightly ARM64 build status data to be written
Tue Aug 18 02:28:50 UTC 2026 -> Add data lock for musl riscv64 build status data to be written
Tue Aug 18 07:17:13 UTC 2026 -> Add data lock for nightly all build status data to be written
Tue Aug 18 07:19:33 UTC 2026 -> Add data lock for sanitizer all build status data to be written
Tue Aug 18 08:11:51 UTC 2026 -> Add data lock for reverse_iterator all build status data to be written
Tue Aug 18 09:07:02 UTC 2026 -> Add data lock for sanitizer all build status data to be written
Tue Aug 18 09:11:04 AM UTC 2026 -> Add data lock for zephyr riscv32 build status data to be written
Tue Aug 18 09:11:26 AM UTC 2026 -> Add data lock for zephyr arm build status data to be written
Tue Aug 18 09:11:40 AM UTC 2026 -> Add data lock for zephyr riscv64 build status data to be written
Tue Aug 18 09:12:26 AM UTC 2026 -> Add data lock for zephyr aarch64 build status data to be written
Tue Aug 18 09:14:48 AM UTC 2026 -> Add data lock for zephyr riscv32 build status data to be written
Tue Aug 18 09:41:04 UTC 2026 -> Add data lock for nightly all build status data to be written
Tue Aug 18 09:42:36 UTC 2026 -> Add data lock for picolibc hexagon build status data to be written
Tue Aug 18 09:42:48 UTC 2026 -> Add data lock for picolibc arm build status data to be written
Tue Aug 18 09:42:53 UTC 2026 -> Add data lock for picolibc riscv32 build status data to be written
Tue Aug 18 09:43:02 UTC 2026 -> Add picolibc aarch64 build status data in DB
Tue Aug 18 09:43:10 UTC 2026 -> Add data lock for picolibc riscv64 build status data to be written
Tue Aug 18 09:44:11 UTC 2026 -> Add data lock for picolibc arm build status data to be written
Tue Aug 18 09:44:16 UTC 2026 -> Add data lock for picolibc aarch64 build status data to be written
Tue Aug 18 09:51:31 UTC 2026 -> Add data lock for picolibc hexagon build status data to be written
Tue Aug 18 10:35:22 UTC 2026 -> Add data lock for reverse_iterator all build status data to be written
Tue Aug 18 11:10:06 UTC 2026 -> Add data lock for busybox aarch64 build status data to be written
Tue Aug 18 11:10:21 UTC 2026 -> Add data lock for busybox arm-gnu build status data to be written
Tue Aug 18 11:10:24 UTC 2026 -> Add data lock for busybox arm build status data to be written
Tue Aug 18 11:10:34 UTC 2026 -> Add data lock for busybox riscv32-gnu build status data to be written
Tue Aug 18 11:10:39 UTC 2026 -> Add data lock for busybox riscv32 build status data to be written
Tue Aug 18 11:10:52 UTC 2026 -> Add data lock for busybox riscv64 build status data to be written
Tue Aug 18 11:10:56 UTC 2026 -> Add data lock for busybox x86_64-gnu build status data to be written
Tue Aug 18 11:11:10 UTC 2026 -> Add data lock for busybox riscv64-gnu build status data to be written
Tue Aug 18 11:11:28 UTC 2026 -> Add data lock for busybox aarch64-gnu build status data to be written
Tue Aug 18 11:14:28 UTC 2026 -> Add data lock for busybox x86_64 build status data to be written
Tue Aug 18 11:15:56 UTC 2026 -> Add data lock for busybox x86_64-gnu build status data to be written
Tue Aug 18 11:18:14 UTC 2026 -> Add data lock for busybox riscv32 build status data to be written
Tue Aug 18 11:21:32 UTC 2026 -> Add data lock for busybox aarch64 build status data to be written
Tue Aug 18 11:22:10 UTC 2026 -> Add data lock for busybox riscv64 build status data to be written
Tue Aug 18 11:22:14 UTC 2026 -> Add data lock for busybox riscv32-gnu build status data to be written
Tue Aug 18 11:22:19 UTC 2026 -> Add busybox riscv64-gnu build status data in DB
Tue Aug 18 11:22:52 UTC 2026 -> Add data lock for busybox arm build status data to be written
Tue Aug 18 11:23:29 UTC 2026 -> Add data lock for busybox aarch64-gnu build status data to be written
Tue Aug 18 11:24:20 UTC 2026 -> Add data lock for busybox arm-gnu build status data to be written
Tue Aug 18 11:37:23 AM UTC 2026 -> Add data lock for zephyr aarch64 build status data to be written
Tue Aug 18 12:10:23 UTC 2026 -> Add data lock for linux-kernel riscv64 build status data to be written
Tue Aug 18 12:10:42 UTC 2026 -> Add data lock for linux-kernel riscv32 build status data to be written
Tue Aug 18 12:16:07 PM UTC 2026 -> Add data lock for zephyr arm build status data to be written
Tue Aug 18 12:24:07 UTC 2026 -> Add data lock for linux-kernel riscv32 build status data to be written
Tue Aug 18 12:31:53 UTC 2026 -> Add data lock for linux-kernel riscv64 build status data to be written
Tue Aug 18 01:15:04 PM UTC 2026 -> Add data lock for zephyr riscv32 build status data to be written
Tue Aug 18 02:56:29 PM UTC 2026 -> Add data lock for zephyr riscv64 build status data to be written
Wed Aug 19 02:22:52 UTC 2026 -> Add data lock for musl aarch64 build status data to be written
Wed Aug 19 02:23:07 UTC 2026 -> Add data lock for musl riscv64 build status data to be written
Wed Aug 19 02:23:22 UTC 2026 -> Add data lock for musl arm build status data to be written
Wed Aug 19 02:23:25 UTC 2026 -> Add data lock for musl x86-64 build status data to be written
Wed Aug 19 02:25:03 UTC 2026 -> Add data lock for musl x86-64 build status data to be written
Wed Aug 19 02:26:17 CUT 2026 -> Add data lock for windows_nightly x64 build status data to be written
Wed Aug 19 02:27:41 UTC 2026 -> Add data lock for musl riscv32 build status data to be written
Wed Aug 19 02:27:51 UTC 2026 -> Add data lock for musl riscv64 build status data to be written
Wed Aug 19 02:29:05 UTC 2026 -> Add data lock for musl arm build status data to be written
Wed Aug 19 02:29:27 CUT 2026 -> Add data lock for windows_nightly ARM64 build status data to be written
Wed Aug 19 07:22:19 UTC 2026 -> Add data lock for sanitizer all build status data to be written
Wed Aug 19 08:15:12 UTC 2026 -> Add data lock for reverse_iterator all build status data to be written
Wed Aug 19 08:26:31 UTC 2026 -> Add data lock for sanitizer all build status data to be written
Wed Aug 19 09:11:56 AM UTC 2026 -> Add data lock for zephyr riscv32 build status data to be written
Wed Aug 19 09:12:18 AM UTC 2026 -> Add data lock for zephyr aarch64 build status data to be written
Wed Aug 19 09:12:33 AM UTC 2026 -> Add data lock for zephyr arm build status data to be written
Wed Aug 19 09:15:35 AM UTC 2026 -> Add data lock for zephyr riscv32 build status data to be written
Wed Aug 19 11:09:49 UTC 2026 -> Add data lock for busybox arm-gnu build status data to be written
Wed Aug 19 11:10:04 UTC 2026 -> Add data lock for busybox arm build status data to be written
Wed Aug 19 11:10:13 UTC 2026 -> Add busybox riscv64-gnu build status data in DB
Wed Aug 19 11:10:17 UTC 2026 -> Add data lock for busybox riscv32-gnu build status data to be written
Wed Aug 19 11:10:21 UTC 2026 -> Add data lock for busybox riscv32 build status data to be written
Wed Aug 19 11:10:25 UTC 2026 -> Add busybox aarch64 build status data in DB
Wed Aug 19 11:10:37 UTC 2026 -> Add data lock for busybox riscv64 build status data to be written
Wed Aug 19 11:10:50 UTC 2026 -> Add data lock for busybox aarch64-gnu build status data to be written
Wed Aug 19 11:10:56 UTC 2026 -> Add data lock for busybox x86_64-gnu build status data to be written
Wed Aug 19 11:11:08 UTC 2026 -> Add data lock for busybox x86_64 build status data to be written
Wed Aug 19 11:15:27 UTC 2026 -> Add data lock for busybox x86_64-gnu build status data to be written
Wed Aug 19 11:15:45 UTC 2026 -> Add data lock for busybox x86_64 build status data to be written
Wed Aug 19 11:20:32 UTC 2026 -> Add data lock for busybox riscv32 build status data to be written
Wed Aug 19 11:20:57 UTC 2026 -> Add data lock for busybox aarch64 build status data to be written
Wed Aug 19 11:21:21 UTC 2026 -> Add data lock for busybox riscv64-gnu build status data to be written
Wed Aug 19 11:21:35 UTC 2026 -> Add data lock for busybox arm build status data to be written
Wed Aug 19 11:21:49 UTC 2026 -> Add data lock for busybox riscv64 build status data to be written
Wed Aug 19 11:22:16 UTC 2026 -> Add data lock for busybox aarch64-gnu build status data to be written
Wed Aug 19 11:27:03 UTC 2026 -> Add data lock for busybox arm-gnu build status data to be written
Wed Aug 19 11:37:24 UTC 2026 -> Add data lock for busybox riscv32-gnu build status data to be written
Wed Aug 19 11:51:41 UTC 2026 -> Add data lock for reverse_iterator all build status data to be written
Wed Aug 19 12:10:21 UTC 2026 -> Add data lock for linux-kernel aarch64 build status data to be written
Wed Aug 19 12:10:41 UTC 2026 -> Add data lock for linux-kernel riscv64 build status data to be written
Wed Aug 19 12:10:59 UTC 2026 -> Add data lock for linux-kernel riscv32 build status data to be written
Wed Aug 19 12:36:29 UTC 2026 -> Add data lock for linux-kernel riscv32 build status data to be written
Wed Aug 19 12:38:08 UTC 2026 -> Add data lock for linux-kernel riscv64 build status data to be written
Wed Aug 19 12:49:01 PM UTC 2026 -> Add data lock for zephyr arm build status data to be written
Wed Aug 19 12:49:09 UTC 2026 -> Add linux-kernel aarch64 build status data in DB
Wed Aug 19 12:50:21 PM UTC 2026 -> Add data lock for zephyr aarch64 build status data to be written
Wed Aug 19 01:05:26 PM UTC 2026 -> Add data lock for zephyr riscv64 build status data to be written
Wed Aug 19 01:14:51 PM UTC 2026 -> Add data lock for zephyr riscv32 build status data to be written
Wed Aug 19 20:00:50 UTC 2026 -> Add data lock for picolibc riscv32 build status data to be written
Thu Aug 20 02:22:31 UTC 2026 -> Add data lock for musl x86-64 build status data to be written
Thu Aug 20 02:22:49 UTC 2026 -> Add data lock for musl aarch64 build status data to be written
Thu Aug 20 02:23:06 UTC 2026 -> Add data lock for musl arm build status data to be written
Thu Aug 20 02:23:24 UTC 2026 -> Add data lock for musl riscv32 build status data to be written
Thu Aug 20 02:24:34 UTC 2026 -> Add data lock for musl riscv64 build status data to be written
Thu Aug 20 02:25:26 UTC 2026 -> Add data lock for musl arm build status data to be written
Thu Aug 20 02:25:44 CUT 2026 -> Add data lock for windows_nightly x64 build status data to be written
Thu Aug 20 02:25:50 UTC 2026 -> Add data lock for musl riscv32 build status data to be written
Thu Aug 20 02:28:07 CUT 2026 -> Add data lock for windows_nightly ARM64 build status data to be written
Thu Aug 20 07:18:31 UTC 2026 -> Add data lock for nightly all build status data to be written
Thu Aug 20 07:21:20 UTC 2026 -> Add data lock for sanitizer all build status data to be written
Thu Aug 20 08:14:09 UTC 2026 -> Add data lock for reverse_iterator all build status data to be written
Thu Aug 20 09:09:34 UTC 2026 -> Add data lock for sanitizer all build status data to be written
Thu Aug 20 09:12:13 AM UTC 2026 -> Add data lock for zephyr riscv32 build status data to be written
Thu Aug 20 09:12:34 AM UTC 2026 -> Add data lock for zephyr riscv64 build status data to be written
Thu Aug 20 09:12:52 AM UTC 2026 -> Add data lock for zephyr riscv32 build status data to be written
Thu Aug 20 09:13:31 AM UTC 2026 -> Add data lock for zephyr arm build status data to be written
Thu Aug 20 09:16:37 AM UTC 2026 -> Add data lock for zephyr riscv32 build status data to be written
Thu Aug 20 09:17:42 AM UTC 2026 -> Add data lock for zephyr aarch64 build status data to be written
Thu Aug 20 09:34:59 UTC 2026 -> Add data lock for nightly all build status data to be written
Thu Aug 20 09:35:56 UTC 2026 -> Add data lock for picolibc riscv32 build status data to be written
Thu Aug 20 09:36:02 UTC 2026 -> Add data lock for picolibc arm build status data to be written
Thu Aug 20 09:36:12 UTC 2026 -> Add data lock for picolibc riscv64 build status data to be written
Thu Aug 20 09:36:23 UTC 2026 -> Add data lock for picolibc aarch64 build status data to be written
Thu Aug 20 09:36:30 UTC 2026 -> Add data lock for picolibc hexagon build status data to be written
Thu Aug 20 09:37:27 UTC 2026 -> Add data lock for picolibc arm build status data to be written
Thu Aug 20 09:37:46 UTC 2026 -> Add data lock for picolibc aarch64 build status data to be written
Thu Aug 20 09:43:52 UTC 2026 -> Add data lock for picolibc hexagon build status data to be written
Thu Aug 20 11:10:49 UTC 2026 -> Add data lock for busybox riscv32 build status data to be written
Thu Aug 20 11:11:06 UTC 2026 -> Add data lock for busybox riscv64 build status data to be written
Thu Aug 20 11:11:13 UTC 2026 -> Add busybox riscv64-gnu build status data in DB
Thu Aug 20 11:11:19 UTC 2026 -> Add data lock for busybox riscv32-gnu build status data to be written
Thu Aug 20 11:11:25 UTC 2026 -> Add data lock for busybox aarch64-gnu build status data to be written
Thu Aug 20 11:11:34 UTC 2026 -> Add data lock for busybox arm-gnu build status data to be written
Thu Aug 20 11:11:45 UTC 2026 -> Add data lock for busybox x86_64 build status data to be written
Thu Aug 20 11:12:01 UTC 2026 -> Add data lock for busybox x86_64-gnu build status data to be written
Thu Aug 20 11:12:05 UTC 2026 -> Add data lock for busybox aarch64 build status data to be written
Thu Aug 20 11:16:39 UTC 2026 -> Add data lock for busybox x86_64 build status data to be written
Thu Aug 20 11:16:48 UTC 2026 -> Add data lock for busybox x86_64-gnu build status data to be written
Thu Aug 20 11:20:29 UTC 2026 -> Add data lock for busybox aarch64 build status data to be written
Thu Aug 20 11:20:37 UTC 2026 -> Add busybox arm build status data in DB
Thu Aug 20 11:21:01 UTC 2026 -> Add data lock for busybox riscv32 build status data to be written
Thu Aug 20 11:21:07 UTC 2026 -> Add data lock for busybox riscv64 build status data to be written
Thu Aug 20 11:21:44 UTC 2026 -> Add data lock for busybox riscv32-gnu build status data to be written
Thu Aug 20 11:22:24 UTC 2026 -> Add data lock for busybox aarch64-gnu build status data to be written
Thu Aug 20 11:22:37 UTC 2026 -> Add data lock for busybox riscv64-gnu build status data to be written
Thu Aug 20 11:25:12 UTC 2026 -> Add data lock for busybox arm-gnu build status data to be written
Thu Aug 20 11:57:10 UTC 2026 -> Add data lock for reverse_iterator all build status data to be written
Thu Aug 20 12:11:05 UTC 2026 -> Add data lock for linux-kernel riscv64 build status data to be written
Thu Aug 20 12:11:23 UTC 2026 -> Add data lock for linux-kernel aarch64 build status data to be written
Thu Aug 20 12:11:42 UTC 2026 -> Add data lock for linux-kernel riscv32 build status data to be written
Thu Aug 20 12:25:09 PM UTC 2026 -> Add data lock for zephyr arm build status data to be written
Thu Aug 20 12:31:47 UTC 2026 -> Add data lock for linux-kernel riscv32 build status data to be written
Thu Aug 20 12:32:42 UTC 2026 -> Add data lock for linux-kernel aarch64 build status data to be written
Thu Aug 20 12:33:19 UTC 2026 -> Add data lock for linux-kernel riscv64 build status data to be written
Thu Aug 20 12:34:02 PM UTC 2026 -> Add data lock for zephyr riscv32 build status data to be written
Thu Aug 20 01:03:31 PM UTC 2026 -> Add data lock for zephyr aarch64 build status data to be written
Thu Aug 20 02:16:15 PM UTC 2026 -> Add data lock for zephyr riscv64 build status data to be written
Fri Aug 21 02:26:20 UTC 2026 -> Add data lock for musl riscv64 build status data to be written
Fri Aug 21 02:26:39 UTC 2026 -> Add data lock for musl riscv32 build status data to be written
Fri Aug 21 02:26:57 UTC 2026 -> Add data lock for musl arm build status data to be written
Fri Aug 21 02:27:15 UTC 2026 -> Add data lock for musl x86-64 build status data to be written
Fri Aug 21 02:28:14 UTC 2026 -> Add data lock for musl riscv64 build status data to be written
Fri Aug 21 02:28:34 UTC 2026 -> Add data lock for musl riscv32 build status data to be written
Fri Aug 21 02:28:47 UTC 2026 -> Add data lock for musl x86-64 build status data to be written
Fri Aug 21 02:29:17 UTC 2026 -> Add data lock for musl arm build status data to be written
Fri Aug 21 02:29:38 CUT 2026 -> Add data lock for windows_nightly x64 build status data to be written
Fri Aug 21 02:32:27 CUT 2026 -> Add data lock for windows_nightly ARM64 build status data to be written
Fri Aug 21 07:18:49 UTC 2026 -> Add data lock for nightly all build status data to be written
Fri Aug 21 07:21:39 UTC 2026 -> Add data lock for sanitizer all build status data to be written
Fri Aug 21 08:14:54 UTC 2026 -> Add data lock for reverse_iterator all build status data to be written
Fri Aug 21 08:49:52 UTC 2026 -> Add data lock for sanitizer all build status data to be written
Fri Aug 21 09:14:18 AM UTC 2026 -> Add data lock for zephyr riscv64 build status data to be written
Fri Aug 21 09:14:33 AM UTC 2026 -> Add data lock for zephyr arm build status data to be written
Fri Aug 21 09:14:46 AM UTC 2026 -> Add data lock for zephyr aarch64 build status data to be written
Fri Aug 21 09:18:13 AM UTC 2026 -> Add data lock for zephyr riscv32 build status data to be written
Fri Aug 21 09:18:30 AM UTC 2026 -> Add data lock for zephyr riscv32 build status data to be written
Fri Aug 21 09:22:11 AM UTC 2026 -> Add data lock for zephyr riscv32 build status data to be written
Fri Aug 21 10:22:15 UTC 2026 -> Add data lock for nightly all build status data to be written
Fri Aug 21 10:23:13 UTC 2026 -> Add data lock for picolibc arm build status data to be written
Fri Aug 21 10:23:30 UTC 2026 -> Add data lock for picolibc aarch64 build status data to be written
Fri Aug 21 10:23:53 UTC 2026 -> Add data lock for picolibc hexagon build status data to be written
Fri Aug 21 10:24:09 UTC 2026 -> Add data lock for picolibc riscv64 build status data to be written
Fri Aug 21 10:24:36 UTC 2026 -> Add data lock for picolibc arm build status data to be written
Fri Aug 21 10:24:55 UTC 2026 -> Add data lock for picolibc aarch64 build status data to be written
Fri Aug 21 10:30:38 UTC 2026 -> Add data lock for picolibc hexagon build status data to be written
Fri Aug 21 11:10:43 UTC 2026 -> Add data lock for busybox x86_64 build status data to be written
Fri Aug 21 11:10:57 UTC 2026 -> Add data lock for busybox aarch64-gnu build status data to be written
Fri Aug 21 11:11:10 UTC 2026 -> Add data lock for busybox arm-gnu build status data to be written
Fri Aug 21 11:11:14 UTC 2026 -> Add data lock for busybox riscv32-gnu build status data to be written
Fri Aug 21 11:11:28 UTC 2026 -> Add data lock for busybox arm build status data to be written
Fri Aug 21 11:11:32 UTC 2026 -> Add data lock for busybox riscv64 build status data to be written
Fri Aug 21 11:11:42 UTC 2026 -> Add data lock for busybox x86_64-gnu build status data to be written
Fri Aug 21 11:11:46 UTC 2026 -> Add data lock for busybox riscv32 build status data to be written
Fri Aug 21 11:11:50 UTC 2026 -> Add data lock for busybox riscv64-gnu build status data to be written
Fri Aug 21 11:15:22 UTC 2026 -> Add data lock for busybox x86_64 build status data to be written
Fri Aug 21 11:16:18 UTC 2026 -> Add data lock for busybox x86_64-gnu build status data to be written
Fri Aug 21 11:20:57 UTC 2026 -> Add data lock for busybox riscv64 build status data to be written
Fri Aug 21 11:21:04 UTC 2026 -> Add data lock for busybox aarch64 build status data to be written
Fri Aug 21 11:21:45 UTC 2026 -> Add data lock for busybox arm-gnu build status data to be written
Fri Aug 21 11:21:54 UTC 2026 -> Add data lock for busybox riscv32 build status data to be written
Fri Aug 21 11:22:24 UTC 2026 -> Add data lock for busybox riscv32-gnu build status data to be written
Fri Aug 21 11:22:47 UTC 2026 -> Add data lock for busybox aarch64-gnu build status data to be written
Fri Aug 21 11:23:09 UTC 2026 -> Add data lock for busybox riscv64-gnu build status data to be written
Fri Aug 21 11:23:37 UTC 2026 -> Add data lock for busybox arm build status data to be written
Fri Aug 21 12:00:41 PM UTC 2026 -> Add data lock for zephyr arm build status data to be written
Fri Aug 21 12:01:36 UTC 2026 -> Add data lock for reverse_iterator all build status data to be written
Fri Aug 21 12:10:36 UTC 2026 -> Add data lock for linux-kernel riscv32 build status data to be written
Fri Aug 21 12:10:52 UTC 2026 -> Add data lock for linux-kernel riscv64 build status data to be written
Fri Aug 21 12:11:07 UTC 2026 -> Add data lock for linux-kernel aarch64 build status data to be written
Fri Aug 21 12:23:09 PM UTC 2026 -> Add data lock for zephyr aarch64 build status data to be written
Fri Aug 21 12:25:45 PM UTC 2026 -> Add data lock for zephyr riscv64 build status data to be written
Fri Aug 21 12:29:56 UTC 2026 -> Add data lock for linux-kernel riscv32 build status data to be written
